feature_1,feature_2,feature_3,feature_4,feature_5,feature_6,feature_7,feature_8,category,target
-2.00689842786943,1.2960630617813962,0.2958734697623638,-1.1071568168024517,1.9235649340507184,-1.9535197964868176,-0.7931132841792494,0.2189222919642265,low,1
1.3508135331962463,0.7828737349485725,-2.7793152674906283,-0.431125569575099,-1.2270503028038895,1.0944078117834104,-2.028537799532661,3.6257845026655007,high,0
-2.780328760221055,-0.3971953161459876,-1.188323530977592,-1.1022697404558557,3.2741944790929898,-2.4159785255216417,-3.486224197825341,3.555780257159735,low,1
-0.5596024162040621,1.2495049007061587,0.8374173204223496,-1.3327773974796495,2.921107339267709,-1.2632906165207187,0.9379464362390248,-2.431535020839783,mid,1
-1.668834616951652,-1.3957892021924851,0.4341866273270118,0.5913492417584003,1.7173328253095574,-2.1839681231005006,-2.868666833140144,1.754775924935096,mid,1
-0.6871569006133014,0.714609790636618,2.002261061234135,-2.049941278577478,1.1790136423052728,-0.5886563728540108,-2.6315017013490087,1.1137103844588363,mid,0
1.553121499791832,-1.2804555710024668,0.9758614772330394,0.1894798212210806,0.4685336485315856,0.7006489345846034,1.1392672019207866,-2.306256696990741,high,1
1.898953824401472,-2.0841129394985884,1.3492831667191876,1.7246966497611085,1.5509328179892057,1.3798828288587626,-0.9041576757082428,-0.6119523747467767,high,0
-0.2048707127492828,-0.4500128579958137,1.193394224120616,1.2571492168625729,1.505155712883088,0.3733143181285692,-1.4636150160911958,0.7410504603485562,mid,0
-1.3304145088350674,-1.371673697230466,1.6067200651383733,-0.7094410024275466,-0.7400978103991083,0.5113588159464035,-3.8912567538972582,4.066797006450778,mid,0
3.13022531903582,0.2340244543531479,0.2062844873109215,-0.2485286180744493,-0.2452081592622239,3.742757917117837,-0.0840974271385437,0.3975160081976753,high,0
-1.0888472008275678,1.669069525826331,0.2721144021621361,-0.9425580057918764,0.4989096565686265,-0.3504260097917507,-3.109393725146358,3.144717587625037,mid,1
0.7109583140153481,-0.3614627666939857,1.1530855656120067,0.4164460381014526,-0.908182270319502,1.1606378588135144,1.3669642352644191,-1.487642518933086,mid,1
2.207509202998217,0.4581681147886987,0.5287770342208041,-0.9797212247168068,-2.1798394345766554,1.025905595470762,1.4361290153290402,-1.9976701560820236,high,1
-1.3495555766387772,-0.4578483861824892,0.4362016589357198,-0.1593622321459065,2.1089908505404065,-0.9592013312386548,-1.2946436967058854,0.7875397232787307,mid,1
-3.1719684928261147,0.2243396567780826,-0.1299780463311288,0.9040175547613144,1.1372230792480629,1.8844110917104624,-2.925429953880845,5.91521728257014,low,0
-0.302464115024056,0.0493083315202226,2.0323310507346184,0.7688396759688968,-1.0667370099601892,0.6298425968544126,-0.1689751408103079,-0.2129251638190997,mid,1
4.369229416623869,-1.9093560875072928,1.0282288483002553,1.3183023248526693,3.3926758733711315,1.6989213966305257,1.3640366792123195,-4.346263691061719,high,0
2.2337802905383883,-1.1036698285303692,0.4394703722939732,-0.3307892243275573,-1.9372678700368355,0.592498463527792,2.21434817856437,-3.0264641209583165,high,1
2.8086650757786646,-0.0024038409188538,1.0422618990310546,-0.5892716517893062,-0.7625396106114124,0.4819314436116241,1.4008655730606816,-3.309859630091902,high,1
-1.791419298069063,1.9203675021442608,-0.8653115524742048,-1.222895019555564,1.2412537827927408,1.3610107965476814,-1.6885850635857178,3.9150485890568096,mid,0
-0.2645483621240931,0.9495945713644882,2.6972318353493323,-0.059415181272494,-0.9278762745925112,0.2033239561584996,0.2567096232854029,-1.338449624811607,mid,1
-0.4669953620125961,-0.1403750589053364,-1.5771781457659697,0.3076126681891964,0.4486621776592048,0.2896435959612872,-0.4230533459360694,1.7352079827077214,mid,0
3.01911978183177,0.2525688459966235,-0.1230186258312056,1.3845320475939062,-1.5225674179054924,0.0533255269249723,2.467957974738645,-3.887270274183745,high,1
-0.9683167598556872,1.1168337755299542,2.628926283503543,0.1864161697440463,-1.221966789685719,-0.8842961668217265,-1.43481417814039,0.1014466788069937,mid,1
-2.201690943744796,-0.2974822008738501,-1.435221248135772,1.3119837385739466,1.3453951708083287,0.5894710861387954,-0.6286770307488477,3.0000782983680887,low,0
0.9092196702851052,0.861636124497944,1.2073327336015742,0.1390603986534176,-2.328712657866591,1.4665613418342764,1.3124721936699084,-1.1085257386339444,mid,1
0.0086234697896843,0.5114995753618614,-0.7189809256731658,1.9351540400602287,0.4886730242982554,2.134578944327651,0.0640525897512165,1.657717804276223,mid,0
-0.0273118057857399,0.9753124584779788,-0.0243793799915665,0.5156280884439565,-2.654943660816431,1.6994762671257309,1.7056520421594878,0.0863255704757969,mid,1
2.664427864764992,-1.2070216478572156,2.1569776769627462,-1.075312393049238,0.842549148723515,0.6921792717434835,0.3491527411096482,-3.0762793963647037,high,1
1.4544024517412386,0.3174532612501751,0.2179306399136852,-0.3328604043825112,0.6013685524604805,1.9881306830927803,-0.3434628370171824,0.4154677491281112,high,0
-0.0516915219695952,0.242882013150275,2.1042993491694086,-2.0820987031889877,-0.0816264410712848,0.4702111117340088,-0.4407765003914869,-0.4711819888120884,mid,1
-0.7284375918764355,-1.4990159604584012,0.6328484745893308,-0.0918447643349551,1.518504200548833,-1.0890684986811403,-0.9800573325090188,0.0023648949016526,mid,1
1.1133791843898195,-0.7296024698074095,1.9236525485463896,0.3614173172731029,1.6943663033305063,0.3880022011847888,-1.761079028122146,-0.308472292738196,mid,0
-0.8736644225802978,0.9788895585567792,2.4630713663472403,-1.3717431292635056,-0.264381523904895,-0.7262549692511351,-1.7454467259487925,0.336783294368889,mid,1
-2.319246667441744,-0.3876999164085611,-0.7735494981444715,-0.4136156656296427,2.4125346222138626,1.0996106191917747,0.2049949255069072,2.0197161391108387,low,0
-1.6418965944231974,-0.397679693614604,1.7774718196145876,-1.1840305582225594,2.750917787242983,-3.0747474633552594,-0.8640808458560071,-1.7341210161865042,mid,1
-2.906801399333271,0.3229745036176681,-0.5083407462440388,-0.0610039718553835,1.9006773297895725,1.7244745982569678,0.6732989424496356,2.3240411942333177,low,0
-2.4320342936392194,-1.0425776946705765,-0.6340999243038392,-1.17223375343664,2.5133273868293795,-2.502532636943448,-3.2719382147335443,2.896284992529269,low,1
-1.6805407833017725,-0.856498237409199,1.1393414981061256,0.0976703767483354,1.1219145593440905,-2.193701536525752,-2.939469331729433,1.5274035926740257,mid,1
0.3166690398894008,-1.6685992588781953,1.713742998184614,1.0587285298838789,-0.7661278305384926,1.6331128688787582,0.5356910232630194,-0.4982467095701385,mid,1
0.2339333545466781,-0.0936361887391708,2.294804602465476,1.32579664754219,2.9292346173847825,-1.3859626062493742,-1.740904453472857,-1.3819985462319038,mid,0
1.027784037901123,1.589838978180684,1.1392853094905484,0.5740712208940013,-0.786565076586136,1.3934227877608911,0.8631636276150496,-1.0873796498086807,mid,1
0.1609842348553607,0.4283166923752375,0.4797691461765127,0.0771564962177167,0.022527051096042,1.1140617177950565,1.543565191827743,-1.113907385448503,mid,1
-1.625496873712556,-1.270061088712032,-2.677700752385525,0.2869558543017087,0.2783581630087975,0.2428338805836033,-2.2887642531836723,4.904860670473141,mid,0
-2.126300662763136,-0.6220348055543814,-0.1080590663073222,0.5827375831738644,0.8984740809383265,-1.5640633138916686,-3.150316557930017,3.2144387015793607,low,1
1.5610286251849377,-0.3899237065594453,-0.2820003000468152,0.1580534899201318,-3.820719150301936,1.421076979070614,2.0640919940321822,-1.088299205721947,high,1
1.2432610716852843,0.5222506360177785,1.479755303713677,-0.097915246442904,-1.5022277064484937,1.4482097372728937,0.7127191847108588,-1.1071852193915137,high,1
1.1595524322972113,-0.8810683366612923,1.0331050903771233,-0.712220763649051,-1.4175713760102977,1.0361029009039109,1.6661206400478836,-1.9706192581053703,mid,1
-2.024164097303048,-0.4776455826040052,-0.5738077737403054,-1.2551353719733949,-0.4417257905086602,3.357896248117661,-2.0605327690198285,5.897259217829962,low,0
-1.7881261766781544,-1.3495762115515322,-1.2509239045037128,-0.4152137679052715,2.76455146697511,0.4238147769997118,-0.8381429136757506,2.417064857017203,mid,0
-1.066040421634437,-1.2926253471522626,1.9877288196721472,-0.5321685631271895,-2.0634006713164483,2.218984971620783,0.9831387348792614,0.47904329480421,mid,1
-1.4316687080795,0.3556689485632294,1.2654197764579802,0.1915773961940896,0.3987581811913043,-1.3698744400027818,-2.359656718897714,1.431901468880291,mid,1
0.2548497449360067,2.485189916678892,0.8378798828809744,0.2647753109779796,2.39325741893775,2.166017648725507,0.865644832248506,-0.545912616091985,mid,0
1.932565587504491,-1.1533505105959594,0.8185575511310733,1.1373145423647293,-1.2807200237091891,1.107454019919751,0.9097811397096628,-1.6238472013155365,high,1
2.426971752250128,-0.952316380738797,-0.804118554706035,-0.6769951384585313,-1.6661761872778036,0.209322382343352,2.8961452828568204,-3.365260828323001,high,1
1.8343901525013664,0.2577525401427507,2.431867270054864,-1.2417605754816243,2.017934526242338,-0.1710976093998886,-1.6845023645551185,-1.5880010059790446,high,0
3.068920188353119,-1.7312013034449254,0.5315251457603689,1.494938227453236,2.088845526880075,1.7316884512292363,0.9183271788943654,-2.4899475270747984,high,0
0.5552814657702619,0.7060789138151315,0.5134458237919954,-0.2426812768120333,-4.240669576757367,1.559009413359982,2.3739840213155663,-1.0109897997225823,mid,1
-2.742205892231115,0.3467099776049199,-0.8334401333395565,2.511556551584424,2.313625228115617,0.0756003903220419,-1.5994845883190156,3.377577608204692,low,0
1.3406851274757126,0.4004813865063287,3.5469444105922063,0.1310651862158487,-3.2906387220754105,1.752321693175286,0.7245721341237015,-1.8398582608593352,high,1
-0.0468774626207051,1.090861670603698,3.4013112368680307,-0.4629395120252583,-1.000412056774133,0.2888340170871131,1.1127762610898018,-2.631061466015605,mid,1
2.5520957717269974,0.3676198402097109,-0.2854629848934431,0.1480894197982762,-2.1514524033492592,0.7021558051514687,2.084681747316397,-2.5702363417318144,high,1
-1.0089218050019653,-1.1543626682329844,0.1833489033257325,-1.7518288067517191,-0.0399829700365348,1.907142278985829,-1.8092636956315,3.5126587179090047,mid,0
-0.4916828254362668,0.1954817315532908,3.7450290217184943,-0.098845201239306,-0.609655164840217,2.334648517213588,-0.5341324411287085,0.2656802933502581,mid,1
1.8264224812160377,1.223083067095325,0.0143485320329765,-0.2588544003698316,1.552151086689774,2.015215937718236,0.7487078236006508,-0.9112992406031564,high,0
-1.0976250840343469,-1.3902219251534629,0.8558672690560059,0.1577614392937694,0.6606277958549883,-0.3543544966303409,-1.728229544348348,1.4728193461541148,mid,1
1.5062349194235,-1.514470309180767,0.1300843258786133,0.3215932113392385,-0.1708319570146736,3.184914513014484,-0.9195476008076406,1.9160001329302867,high,0
-1.871861502940669,0.9603047962814704,1.29782304785614,0.462483624066854,0.2025642854165175,-1.259760389321914,-3.1238436525649744,2.532491071079636,mid,1
1.649449567841475,0.2314459225255723,1.6824042516759925,0.6464895377257707,-1.507904915313789,1.1463844241007988,1.0333126866949358,-1.992109133498101,high,1
-0.1507958170313288,-0.1115088271429437,-1.873610880874736,-0.8049664808525608,2.590552568928588,0.21624518439123,-0.4838012771102143,1.2736286391667857,mid,0
-0.9061207734227548,-0.1643352058853912,0.6438824956623245,0.2120933530741752,3.639706826076672,-1.8933995384102025,0.961935203921292,-2.6710274651224264,mid,1
-1.5330731648055702,-1.8437935834807455,0.7802542010354465,-0.8903178480198718,1.5464800723142351,-1.0861415245010089,-0.7798158295925113,0.2533139920849012,mid,1
1.156370736670309,-1.317131919946585,1.386807062844924,0.7760279138434754,-0.1938273225725371,1.4817475912333464,0.1223983650800566,-0.6859588212078349,mid,1
-1.5613633582940982,-1.365824155415439,2.729471566096992,-0.1489693097672969,0.2322494441803191,2.05286885503685,0.3808362474282711,0.3546610199728588,mid,1
-0.9576800992225852,0.1430487698789523,1.4515226588857484,0.8496119885162131,1.7978630921886125,-1.0051079198937751,0.159625661103282,-1.4028870628903007,mid,1
2.1962538672549865,1.082691053887073,1.930030509347452,-0.4711246518178786,1.4026453262507068,1.0228845875746582,-1.4073137272155172,-0.8821120292114274,high,0
0.5112626852034211,0.0980675395389445,1.7735372342810152,1.2958717818630143,1.7581115294397418,-0.133356266174778,-1.6362779506605212,-0.2949583248989781,mid,0
1.099415682523609,1.2769653860881878,1.778855193608741,0.3380234811017081,1.115377711704214,1.0545847529910817,0.2447859281972079,-1.542387366439533,mid,1
0.8924928425430788,-0.0539048490057391,1.1111871468634555,-0.9823035803773146,-2.20746059936571,1.4251030477159246,1.4408630047246924,-1.2131736257201329,mid,1
1.412440177625781,-0.9647054257507148,0.9000474697809897,1.6284685547723217,0.6682997394306562,1.1265659509538126,0.5247514955342569,-1.3535026468425106,high,1
3.598831348281234,-0.0892341542214489,0.3499214014317945,-0.0375706449794812,0.9637917193926148,3.212780478084003,0.3355999196794976,-0.984282783033708,high,0
2.6928151093782207,-0.6065033882157397,0.9507543073354126,0.4559041951707027,1.5101268464922892,2.5259392266411345,-0.186895257043987,-0.8136420156415963,high,0
-0.9386170739292408,1.6087808557343737,1.7608654054542203,0.8282296901846228,0.6226512403450043,-1.1109032980400382,-1.5974199992326477,0.2224500022948307,mid,1
-0.1878979340487694,0.7127120288613313,1.396731930110784,-1.883150208058584,-0.9061687898387772,1.6584885633234538,0.9408512255987914,-0.3138061795313226,mid,1
-2.331543967716444,1.4288577078135674,-0.2143997241244617,-1.4741321320421057,3.2818029179693067,-2.295721329577383,-2.511571199671116,1.846485673353518,low,1
-1.08181211811208,-0.1276546815181901,-1.7193400364647935,-0.56060763684731,0.7450115276204687,-0.0801356662854531,-0.3581478126240403,1.8604178440335648,mid,0
2.230916899154558,-0.5289777080640152,0.9082282888719267,-1.0565576427602528,1.3285449337865227,1.5007552354848193,-0.3083395033539919,-1.004774153878229,high,0
0.3457767027950711,-0.695694877197064,-1.9084800209487467,-0.9181269834165748,-1.0923232057604222,1.5221345066413343,-1.433981238526476,3.4672854617579225,mid,0
-0.6793778333923046,-1.9122549754197768,1.4827856113796465,-0.0686340460854686,-0.1248982303255781,0.4598588736999659,-3.0168349483990387,2.730743738574287,mid,0
-1.4967646832865082,0.2571989703559273,2.028704733472772,-0.240665174530213,-0.6239425312351234,-0.5749330362213672,-1.7524857104456664,1.1830912954495882,mid,1
1.808369947930287,0.2837510236615011,-0.1572814596192451,-0.9878733409007492,0.8023374535866179,0.3678232918449726,1.645890343482285,-2.566532245921453,high,1
-0.1158672158954436,-0.4545477187434442,-0.1740812472512116,-0.218653277435036,1.5829938055030122,1.3874530357341204,-1.5376354866638209,2.208732633213252,mid,0
1.8658151969637156,1.2395840064415615,-0.5327888409537507,-0.3962296781017598,2.559456918084342,0.289529783650803,-0.7254337722591309,-0.5657704005219968,high,0
2.2183100840997616,-0.5835993263460049,-0.4900911392138976,1.0383788510193166,0.6033365867734337,3.3210444650309103,0.5138691362877126,0.3985858974289377,high,0
-0.4482000348274473,1.191707497107065,-2.053287174543027,-0.083717959849212,0.0530243857288388,1.3237184231506518,-1.443797541198871,3.7210573319438023,mid,0
-1.4866514781314135,1.3254321090950785,1.557058923954442,-1.4068150094975382,-0.1408065838724193,-1.09912435351917,-2.585754358621553,1.7956316271242765,mid,1
-1.2519378812002566,-1.1430193120737286,-2.603491971348618,0.8201581867554845,1.2218052505690244,-0.5564659464720667,-1.0427875629365375,2.7285705040678603,mid,0
-1.861735626910812,-0.9951484818533796,-0.064236298607184,-0.1815031621356671,1.8657032183076905,-1.628920055724394,-3.235267833461328,2.854009647697729,mid,1
-0.7988800554856762,-0.3494393272169559,0.793485498876856,-0.7725687487562407,0.3445197763237321,0.1111458040564792,-0.7922345547918143,0.8035006900383758,mid,1
2.908158936028702,0.7751554940347831,0.8638447335014126,0.5530400858523584,1.900425452801,2.1163726474782925,0.2249220270350866,-1.6388529786352095,high,0
1.2848722928501244,-0.0774434607259936,2.3709838474120435,-1.1952937635992449,-0.1542551260822113,1.155680420605109,0.4958632344912682,-1.924740484695272,high,1
0.0151294045885193,0.0795978623760363,2.985856936540758,0.5540577711159071,-2.2668593965295907,2.041923154530366,0.6222608811957185,-0.558537382589874,mid,1
1.003782547150197,-0.2156676375476323,1.6276914138396923,-0.8729610904537004,-2.628182216096242,1.713298809580634,0.7772559957786851,-0.69386032369834,mid,1
1.7295531900959369,0.6102161695892225,0.8192794678748625,0.1569729609684342,1.9290063168089155,1.3987463222924963,-0.1215831450613249,-0.9868663118419806,high,0
-0.4455631106274432,-0.1237326800997566,-0.0635577981651538,0.4578056099257847,0.6718547392036963,2.5340235765430625,-0.7628124361369871,2.570161403011865,mid,0
-1.4104169415330392,0.8155010224442626,-2.990310026373344,-0.0480885073307725,0.0416396166658799,-0.0574817992971419,-1.2273701233406802,3.802886339366776,mid,0
1.6264343106277948,-0.5938114080687051,-0.0676242495549428,-0.1656314103176322,-2.33704018379696,1.20367202313406,1.5049702501433804,-1.1785290825099202,high,1
1.9024743450255708,0.8814075289235711,0.8897952920848745,0.7211353625455816,-1.0669469470702653,0.8186810821480783,1.4191483426519431,-2.35731531062999,high,1
2.022468820819493,-0.7801991291174627,1.4333909417900246,1.3305749040390402,-2.4516716758825186,1.2317897189753326,1.3099174311356605,-2.101601300989412,high,1
-0.2146040829844304,0.4359753895000459,2.712027571605965,-2.5322460852196853,-2.4599305269664864,1.7675780739203968,1.3109296840109923,-1.032374112159646,mid,1
2.011830987512201,-1.654887436228296,0.439185713549701,-0.9600462952794636,2.940171888141796,1.0441494874352089,1.3257312129822878,-2.746076309797943,high,0
-0.1611610403294463,-2.1961278210999464,1.5444756949378076,-0.1621239754798584,1.4580114915362523,0.2918889159013886,1.0635688893636936,-1.912182823216605,mid,1
-0.2334144042818563,0.9583858198420424,-0.1116474070612756,0.0516609768510798,2.53717696020918,1.1335789357087511,-0.7591033220784433,1.1569200297449491,mid,0
-1.3760868198933247,-0.501784192811532,-1.2647626820500577,-1.3724655478841008,0.3691138801422789,0.8373779774735254,-2.2082709018991595,4.2007729099114846,mid,0
0.9589662557157372,-0.4096865926294973,1.116620766616788,0.7123221595801621,-2.9398293237765127,1.7922178267541768,1.069074372375134,-0.5209281438542936,mid,1
1.847875527254741,-0.5501152829365389,-0.029781779842025,-0.1470254234308499,-2.42343912394628,0.7725281375159209,2.409742919116495,-2.4611790196622216,high,1
-1.3724823562230817,1.1535903433169254,-3.8702303382518384,1.3863493972628431,0.1121759582726189,-1.62249168701553,-3.242344115069021,5.15057804662708,mid,0
-1.507375564253478,0.3017000089017355,1.4157307434832256,0.1755362295785979,1.73508943875826,-2.4887538329295023,-1.9883898174310624,0.038309623920193,mid,1
2.804600925517579,0.9321915642603849,1.8593787429468611,-0.236555287218946,1.6776271995566097,1.6225855076616706,-1.086546410091431,-1.2055229713381483,high,0
-0.4621524121011154,-0.0929442066135882,0.9705593243051268,-0.2395019220217497,2.682222354584578,-0.940104383257894,1.1868249786251763,-2.547611687854755,mid,1
-1.6914794081692954,-1.1793691216326172,1.879495486925698,0.1722543864110375,0.040781588083953,-1.5530086212425274,-2.6586699951849653,1.4739725371355958,mid,1
-1.8791470458606767,2.01527511046064,0.4676661308032641,1.2906444609225471,3.066422531345234,-3.450209195681044,-2.954500003832639,0.8489989965714049,mid,1
0.8750854744513541,0.9003985883950636,0.9304378194219888,0.4512253193185082,0.6141608655665709,0.555249825749426,1.687297477941329,-2.472502581814552,mid,1
-1.029042359438041,0.1566937282465246,-1.7678763528843342,1.023530644185345,2.579026595607435,-1.199147231573004,-1.937566395180152,2.2298403095842407,mid,0
-2.5261918025597323,1.218194711754256,-2.964107957145524,1.057368305378225,0.0134003926290482,-0.1947643277515571,-3.039507244254311,6.13979100274449,low,0
-0.626606292919987,0.4447738078315947,-2.0019769626306605,-0.8256536828021421,-1.0043259949192729,1.3367637984157297,-3.435833895724304,5.903419469949768,mid,0
-1.0039556037177415,1.7549330716472415,1.6646904119176384,0.0184016307834381,0.6819496687718862,-0.2089771859484048,-2.7575470636313133,1.990518282601773,mid,0
-2.9432794371479147,-0.0646886050325184,0.1980438571262135,0.0728740980155153,2.1606059138365845,1.1189668697932516,0.8303093981464398,1.3333075045791505,low,0
2.620600218804221,1.5163940552535728,1.443351087161313,0.6021183203924835,4.418122862825064,-0.1023872210978735,1.0554512283618382,-4.53975659295427,high,0
-0.8297368417618887,0.9331280723410692,-2.3947050574985544,-0.222720700776607,-0.495245176144677,0.6062255679589984,-2.1676457519856744,4.4958506573638415,mid,0
-0.3403025523828344,-2.1899217049785533,-0.6359834949465614,1.1945922205137307,1.8492212559264096,2.6321367873189407,-0.2362428332588548,2.168489712549077,mid,0
1.2187027879086647,-1.026369207665892,-1.3031537431572529,1.23000057271915,-0.6163024293568868,0.5526048586497683,2.4119472449668864,-1.8094064413249615,mid,1
-1.2060571343696886,-0.9701242603796436,1.2545444418809586,-0.3975577654917214,0.9134980676398944,-1.130863941857046,-1.156674634263554,0.2114904024364062,mid,1
3.705487238038343,-0.5098066931908826,1.391238458873574,0.0344410117058413,2.616441879525394,1.2648435822045787,0.6755007481759445,-3.6029319106071114,high,0
1.229636126569978,-0.1946972961166816,0.2209930994034884,-0.0641881771084977,2.706917723061216,1.324897036788749,0.8384226420416028,-1.412777419592083,mid,0
2.066091954657651,0.5059655534558652,3.000233332564477,-0.7282722024066131,-2.538662938397346,1.5542381304967643,0.4604653450796271,-2.0297916966796308,high,1
-0.3873005603887207,0.3385528762859142,0.9235771877393112,-0.9379255765363989,-2.606485279117232,1.7278880653003146,1.889346020085126,-0.4007198395467115,mid,1
0.9083104892426352,-0.7353034606819523,-1.2141612532461177,0.7214793237573432,-2.4164613880316264,1.0799078515716984,2.470077871325029,-0.9990245467160912,mid,1
0.568253737677834,-1.1302037246739238,1.7611630767421258,2.411676675578421,-0.9514084609686504,1.8243632082427352,-3.473423914838346,3.236020030918969,mid,0
-0.3111514523941889,0.0078801846947281,2.539680466280524,-0.3256110521485036,-0.9418346260221456,-0.380984714612715,-1.0620097399381865,-0.3561881491146016,mid,1
0.5332002478292145,-1.2374266382225725,0.6894385911036603,0.10940847183297,0.3193810686725252,1.8268242529162035,-1.4927083476827656,1.7745995882057142,mid,0
1.1456900011473243,0.3889787293521837,0.6451688687702267,0.2514736089405121,0.2377573155092019,2.2005276906559987,-1.1840589188949522,1.3690364011442333,mid,0
0.2075311737681023,0.5055892418358746,0.7873233564266686,1.4891131083282896,-1.8476372060066573,1.6136760088299125,1.3762548305447022,-0.4599259398160902,mid,1
-0.6825287161126765,0.3361449630262288,-1.0699723006600157,-0.2274762599534077,0.1780439082952369,1.494808381109172,-1.8190811311873585,3.733104719854401,mid,0
0.3112189684398048,0.6870657958589163,-1.4503743301991028,1.466540859278603,-0.1907319127866749,0.8549208057546644,-1.5038835692596757,2.663637653746976,mid,0
1.474313935207518,1.991553302204734,1.2399818118237556,-0.8320613048498566,-0.9898417077014772,0.9143692676580104,1.4943626972143833,-2.306028424030534,high,1
1.1913089646112378,1.4185313451480366,-0.131020252997047,-2.4878086565350794,-0.8113434579144227,0.9474578162865528,1.764918133516683,-1.5780985816215205,mid,1
-1.7133080986594504,-1.2172826922204794,0.1771195468966349,0.1594625068041291,1.1744529367849594,-0.9292638725208971,-2.5603678678912507,2.579361210273274,mid,1
2.1995940261280458,0.0917524844483728,0.1556967102721937,0.2522403964266774,-0.1140588873678556,3.599439342511213,-0.5204530867439006,1.32940791630984,high,0
0.326707107312886,0.1847104747810833,1.1919039246835468,0.937915537510655,-3.1737688665583232,1.6999608239726154,1.6921960921746488,-0.7468411388867413,mid,1
-1.2972851474356062,0.6647027453331099,0.6391548084230578,-0.552920837367302,-0.3425606440886446,-0.123595630773692,-3.038687343325793,3.31911804733561,mid,1
-1.753570065221599,-0.3391222792700387,-1.4589590717163918,0.3700611152689553,0.8513614740654032,0.8864490473031722,-0.2422368497062423,2.651557135851824,mid,0
-0.9160111364885896,0.185175536829914,2.4787350803401877,0.4254448641841722,-1.2757870042882575,2.1163792464194637,0.7898475203777584,0.0434132335086494,mid,1
-0.3199379943381333,0.6855077387902041,1.9356482909915624,1.8486088332964117,-0.0910170488384081,0.7820327299352601,-3.498167369102732,2.882477368365282,mid,0
-1.1728464193724142,-0.5859276733177553,0.9310759513435294,0.3291067787101295,0.8167029444283055,-0.9048845761528826,-1.6659569154445142,1.0268873742756608,mid,1
0.7187544978794269,-1.0501407396021456,1.081904795673446,0.7574951493374855,-2.435389342293373,1.5118063361983611,1.438938046458834,-0.976277351848588,mid,1
0.8924168133013252,-0.073972863594378,2.7207099476202377,-0.0756656043258302,0.3549929112752519,1.269066583482438,0.2573091571259418,-1.6787239154306932,mid,1
-1.3135402537287724,0.4968735905075971,1.737739558562272,1.0697714549838502,-0.065523997048795,-1.170446253945823,-1.2073655544647044,0.2183140826625527,mid,0
-1.4411532097779256,0.2586611478553881,-2.5115873002511933,0.2127397758576603,0.732817935939333,-0.4540354070879966,0.2465393913846649,1.7550753766132274,mid,0
0.981748579881076,-1.0385438208439723,1.0949779145349745,-1.6312758154609457,0.6962576909823137,1.6326627234732445,-1.5310136291636325,1.071268525655177,mid,0
1.7086366185352322,1.3995946451457937,1.9744700735034053,-1.342127748485115,-0.8160352306148395,1.0343998484104868,0.764508594651732,-2.1659922549471617,high,1
-1.0138138774023464,0.678946987762233,-1.3205884967460024,-0.81240234893742,0.0392882996759664,2.121999287822402,-3.2361412144931005,5.869365975447701,mid,0
-1.4622943600208833,-2.1770650464428547,2.093520718419001,0.1784766638853897,1.7208100531292665,-2.6525850398001003,-0.1458419584055323,-2.226720216333954,mid,1
-2.698769539607966,0.9500158286696456,-1.396004467920256,0.2430047220543996,3.001126190522159,-2.046322104174184,-3.710807952921216,4.133671507055719,low,1
-0.2448034027643031,0.8760467925297942,0.7114761808645114,1.472670675750982,-1.0439969955469042,1.863280434775952,-2.568314906323613,3.586403952627875,mid,0
-1.8540682408238216,0.1034381293081063,-0.1596375027916914,2.042076040143744,4.9174805790611,-3.059366797557568,0.678487598543323,-2.3304252620435717,mid,1
2.457321795796919,-2.1523835446091804,0.6625547933569037,0.8764556455029355,-1.6941397488525984,0.8581834020910439,1.4334028512328338,-2.447797978622128,high,1
3.169737313868649,-1.9670697035871525,0.8343334558156792,-1.1171864617070024,-0.3119581568148335,3.4864470985057103,-1.2251293197643174,0.9174882432232196,high,0
4.187796435647229,-0.9489165208248372,1.1517049353956834,1.7473631979155582,1.7384447682727275,2.315987313841445,0.6132670886185594,-2.8525837983547726,high,0
-0.9257329519964236,0.6928557558178116,-3.481535350651386,0.73463754545933,0.9753352222293356,-1.6763668762338877,-0.0912310213225204,1.4558631425328947,mid,0
3.342266759066521,1.3705361439967134,1.3264973310807426,0.6952029000839993,0.1567807720710901,0.271671372340494,0.9388343828885964,-3.720943356960381,high,1
-2.090197971051906,1.1806409124521446,-0.3280969844583171,-0.6273134459513029,2.690724548942791,1.4296567713512678,-0.982891096091187,2.8804610992671624,low,0
-1.368585798868573,-0.989957792552014,-2.593268828834093,-0.0350076100062359,-0.5149209223591751,1.4922366761379515,-2.882571905045257,6.223917262583318,mid,0
-0.7269478838942687,3.2430929695947333,0.8124243080730696,2.3079162506161106,-0.2250526034288049,0.577718814172135,-1.020646513362118,1.3814285676253526,mid,1
2.273867268889111,-0.8783230771797389,0.4118045840321874,-0.3780078990182172,-0.6351573909727561,0.3940107922955824,1.9630053575526676,-3.1964929954309644,high,1
-2.1493563800009667,0.4080528468367557,-2.339644107171436,0.5507975722736632,2.4040876170648784,-1.268604354201704,-0.280631432188955,1.7398846501993324,low,0
1.6389574412744805,0.6404797952008238,1.0070805011811792,-0.1905031059978113,1.4360972397639806,0.7756411739135263,-0.5124141260093906,-0.9787067353389962,high,0
1.1623552611422954,0.6789312900592783,1.366466990521224,-0.1369954894424582,-1.415435160481572,1.0113198595385502,1.7542136373208934,-2.268914064426161,mid,1
1.8444942280247216,-1.8206033005485167,1.1099625274670817,0.2700573583914221,1.7787977790207274,0.954034968786696,-0.4105926849403862,-1.2236375472405596,high,0
-0.8392861837606316,1.362562852712452,1.5418740075495194,1.6406145634882874,0.6852400355212519,-0.6115142066116819,-1.5241912606479755,0.5320796808426826,mid,1
-0.0879567930376801,0.4535087125544674,0.2684997530337607,-0.9822940342546796,0.2921710189116439,2.166931009171276,-1.271582945394083,2.4532129011478725,mid,0
-4.565791150872708,-0.8110008636288448,-1.4351929825989462,-1.114046450161993,1.645210878196985,0.718913580049056,-1.4057615697340984,5.3103128981886405,low,0
-0.0746206781152643,0.8580141953021454,3.1410117943857974,-0.8281962729652346,-2.6082907343853146,1.447001114977344,-1.132939985380807,0.7371257079878744,mid,1
0.6969014117202846,-0.2874475194003555,1.2133125685407693,0.2873289044030093,3.609058429606039,-0.9445572384866268,0.4163240427601666,-2.923121638292466,mid,0
2.3227243797683284,-0.1162290431219581,1.7036948222332948,0.2147131831705263,1.1398711960538652,1.925706657103952,-1.6016575082993767,-0.0039919556429763,high,0
1.6190052028621085,-0.6073544332122114,0.9247908925718092,-0.0772210452230455,-1.4065248723768613,1.0459797504266166,1.303293123099728,-1.8642469725344413,high,1
0.8843578504687366,-1.372859451481064,-2.8437620118721654,0.3514799003522016,0.5227801595891142,-0.1022836367153625,-1.8789704297203345,2.6892291891205224,mid,0
-1.8618448474163032,0.7931756882186773,0.4254318974090146,-0.1220571321212772,2.4221478936027125,-2.180379806187834,-1.836344939728927,0.7760180962203121,mid,1
0.6112354229236812,-0.8153756283161211,-1.4386626883083915,-1.066234931899225,0.3925797244157086,0.7759786834545241,0.5044883546928884,0.4022542318566015,mid,0
1.9483347631176704,-1.1617838439123638,1.1316815544479963,-0.2831388967437671,-0.2159456464728861,2.63309570567114,-1.9237057948766831,1.623486102864474,high,0
0.9483278616381172,-0.5258796758952039,0.3676985388666381,0.1777501062680313,-2.9402933376092197,1.3971309380634,1.9307268131037087,-1.1391147794009413,mid,1
0.0032382108243032,1.0126374096440718,-1.7226102893656674,-0.1581538443723203,2.151215156576714,-0.9185341905655606,-0.4101226905928943,0.3600798595570771,mid,0
0.3628751628784334,0.3733485597113982,-2.219940777961312,0.3123782104665717,1.450657875177983,-0.0578509005902214,-0.1397473088633916,0.8702412572103967,mid,0
-0.1263780131550052,0.2290746882057025,0.144794839920539,1.0743180127155614,1.9909363453484217,2.530520645857364,0.2548376165127843,1.0094044691449462,mid,0
1.1668017793902377,0.9515497705740428,0.7337134805456487,-1.0211624575603002,3.519705979471828,0.142493679270109,0.7008226281024794,-2.4858768210400517,mid,0
-1.3276488474144916,1.036087651046256,-0.3646049756734697,-1.422974925261673,3.777740404333647,-1.308406890072843,-0.6647096367189543,0.0852780750804657,mid,1
-0.4393846888573647,-1.2883076174635375,2.96247237550993,0.2927154821418534,-2.070373327155785,2.055252978122109,0.8790762114357916,-0.5179510442272226,mid,1
0.3832665762769062,-0.904614374993766,3.130463741078305,1.1727568452674448,-0.282523368185688,1.7441350243348093,0.0518541427628371,-0.95123091691972,mid,1
-1.353664024311753,-0.9858038086678268,-1.7800214591497356,-0.2841550979287972,1.5245523783648092,0.8590585925631575,-1.1022395096782256,3.230116272537398,mid,0
0.1202406405507925,-0.1790932850161562,-0.1264296375461686,0.3958197810959231,2.650320651027412,1.3125060921725478,0.2843830242209215,0.0469416622030299,mid,0
-1.6474583963182057,-0.3930527570614009,1.7339410123041066,1.00163182520856,-1.4210186354894556,-1.1041656577241576,-3.823780507208662,3.217781790220652,mid,1
-0.3383419766189218,-2.075588009078533,2.241688575985292,-0.086069692790893,0.4215526566396039,-0.1628689991798164,-0.5975277513829738,-0.7339275362729919,mid,1
-2.175363306537646,0.0600859946151636,0.7608131210648614,0.3883120054234496,0.6911787205918205,-1.413562973871517,-3.3119122878586627,3.0258451098751222,low,1
2.0823765768788878,1.0417246640588511,1.3371302637578046,0.5835443030118876,1.600512610942031,0.9543704719236676,-0.9364936127951746,-0.98408545477107,high,0
-0.086829553874546,0.5027448074908146,-1.7860011695621978,-2.493270820330077,0.243762230806425,2.728938907568548,-2.753986043496239,5.43704007548395,mid,0
-0.8311708858485864,1.0683793336940164,0.4844316287297689,0.604120889588518,2.402399348275335,1.9106837507645544,0.4714093890489081,0.5793243285594452,mid,0
-2.2656889360037167,-0.2626595203161677,0.1304055390001364,-0.3363869454111362,0.4817212416736967,-1.9698390202111016,-4.549229678676978,4.298264676423176,low,1
-2.3022388152674025,-0.9733788380270346,2.6203906756132005,1.0071333364731596,2.9645651407913527,4.213784982598555,0.7106610534050599,1.4548408868626876,low,0
-0.8614699533463606,-0.7316317389085281,1.1656802155714518,1.890440685155783,-0.4594103885429546,-0.0521186528822195,-2.536467896139671,2.319939769947272,mid,1
3.791134399152556,-0.5353350870162231,0.8135134501535002,0.3584536182096202,1.4046289034814956,2.4196447907655383,0.7908971868179107,-2.422155547931408,high,0
1.247638734716542,1.1701987091966035,1.6867724670202116,0.1342964972477928,-0.8854785810282764,1.1272712410966628,1.0689875281149113,-1.903229888128383,high,1
1.2948906130342233,0.5737444210044131,-0.4593655651291872,-1.276304416538336,-1.2337253731499946,0.9217687557914488,1.867247002692308,-1.4788736803555154,high,1
-0.4584175305355737,-0.7393714074590363,0.7756957338740458,1.1918993344135729,0.7656495405533874,0.3272905560296821,-0.7833410520536848,0.6370158705800123,mid,1
-2.974783845440647,-0.8319549174944512,-1.507150444049313,-0.6382827265284942,0.4011242904843932,0.8394796350117002,-0.3437480709502574,3.640839958735662,low,0
0.9752700673217596,-0.238110436312054,1.314209868317943,0.0460027472532741,-1.274258515628562,1.5142498072946091,0.8196954472302208,-0.9365985537498016,mid,1
1.290962802023096,0.0712537499108924,-3.4772977027278875,-1.2935076252040958,-0.3487913910713305,-0.8708162540894155,-3.5456316335091254,4.035611179829197,high,0
0.1194234934904026,0.9113627221747216,0.6313474662353585,0.1057537912714804,2.0128820146426403,0.6892446365765048,-0.5589696747111298,0.1134310534237788,mid,0
-0.7342573092017399,0.4914294527201998,2.645818527266071,0.5697603571986469,-1.9317357702737223,2.2088447481561166,0.6552885022171734,0.1458747711500068,mid,1
-0.1030459525869607,-1.1761733365547806,2.220430818430346,0.4875602970867186,-0.6400730592091071,0.3437426473479343,-1.0205437406283406,0.0696598787085793,mid,1
0.6860488122809978,2.2816518365388427,1.491249624666526,-0.6176416769336966,-1.1907314776987024,1.4225896699390876,0.8974442729889044,-1.0008919093325273,mid,1
0.1707773875523053,0.6954024745502987,-1.7527426967480526,-1.1410085097527385,0.5245926048221524,0.7759520440147385,-0.0412482778263121,1.3634890381502902,mid,0
1.8467377356213623,-0.4136055334216442,0.3131906884434988,1.8876876573401904,0.4403269318033942,2.4707347854060586,-0.3873833207319471,0.4910709318103652,high,0
-0.0480746514687309,1.0651719657143863,-2.018420569008204,1.4526167454861794,-0.121080379257763,0.8668131113508459,-1.4587367660869417,3.1872033769386845,mid,0
-1.9457556627817512,-1.7760117540484022,3.4182644018302115,1.063940987560856,-1.900743044154777,2.6597442317451856,0.3265177190571626,1.084947858515676,low,1
-1.2154149167945774,-0.6082265074447593,1.7819082413027636,0.3631156277445234,3.0029594525287617,-2.430122974079283,0.9121693735417168,-3.314831817714876,mid,1
-1.181624542511321,0.14098269961206,-0.6704106001279319,1.5886269280435958,2.8202855747295104,0.0648826919886496,0.208647375768908,0.4449542863888305,mid,0
3.0832871392818912,-0.1393972006632341,1.1702345406462868,0.7396531517246714,1.2334337562698918,2.3509790400720227,-0.497291624135206,-0.9671488893913466,high,0
0.0371245043078403,-1.5614932224418594,0.9755201060013629,1.503419828428999,-3.474184893144136,2.210380567630936,1.1203264679300062,0.5045500591477544,mid,1
-2.81151956574531,0.6030946849488336,-1.6955930209722947,-0.8505352787470439,0.3767181702018582,1.5363510553953466,-3.0321375360401013,6.630808939462826,low,0
-1.240167129301246,-1.7710685530880912,1.5815150831552762,0.4715423804182057,-1.096541656412598,-0.4420923675546553,-1.4515906236032057,1.1794352483603483,mid,1
0.2384521489541342,1.667224111551137,1.777514261453337,1.5232386217122582,0.824045655837564,1.53661414693642,0.0645482964497707,-0.4300319405106635,mid,1
0.4737219756930944,0.0071784669079419,-1.1877081944803225,-2.0864776583710847,0.190515167195771,1.4326376420648803,-1.346064064104286,2.553738127303696,mid,0
0.7967378939924523,-0.099094300241269,0.4492096985159799,-0.6028206557839616,1.1646441234133456,1.6767525094913454,-0.5698930029157862,0.6054739415495466,mid,0
-1.7608739128280182,-1.831682247206026,-1.1254527822353642,-1.0513099116393445,1.906499432338109,1.122613573896949,-0.7727903684786954,2.8966402371317823,mid,0
-1.8120739057767312,-0.1421465369405461,-1.016039847055019,0.33868731792169,0.4907244925167537,1.2370269755443604,-1.640974192330363,4.0451242926574364,mid,0
-0.2900471360059408,1.4974316831796264,-0.81678160043813,1.8577023435377324,1.899878408027472,0.4251265511145564,-0.6768100360731716,1.1998137415072037,mid,0
-1.067782846348172,1.2637066776546686,0.6929527428561855,-0.8463159774657358,0.8044581690400783,0.3134176322862734,-1.690420559114815,1.9220412412075008,mid,0
1.4062495800199224,2.095843501809159,-2.39328192553495,1.5944423917491968,0.927594086947374,0.0263019966729969,-1.1649309988808183,1.410251357404592,high,0
-1.978704731861297,-0.0913995575091144,-0.0721904282143455,-0.0808784978654613,1.181024000544201,3.7513122054804775,-2.247026255049448,5.672196099425974,low,0
-1.6203832951249084,0.1398872328391273,0.032724914116855,0.996118214911129,2.75898924385507,-1.332859578803436,-1.3583318946334575,0.8866465323327403,mid,1
-1.3504602308179263,0.4506034128625388,2.9424461493577776,-1.869816339532164,1.1943120164112864,-1.537073990295076,-4.190012606696705,1.833920179419332,mid,0
-1.219172263971828,-0.5865312695639355,2.2613019289339715,0.224216404290793,-0.5852819814266716,0.2487436096067373,-4.503151030448491,3.977557583723842,mid,0
-0.7303180089346488,0.9778155496862004,0.3741706533648852,-2.1056469418403245,2.75034323493406,1.9125036795520671,0.7715519336597698,0.2263425221928423,mid,0
0.4523379459969679,1.2005316584738726,2.6503263319885457,0.1403598698480469,1.5747278437992034,-0.6117290746912829,-2.8199373270420267,0.0611923340812685,mid,0
1.682384234449575,-0.6749340187905523,0.8537122651353075,-0.4030759890650308,0.0800689726071568,0.6755323048752228,1.373788941422048,-2.476520045415409,high,1
1.2805323202632548,-0.8343230454915821,-0.4417483280677848,0.7640297815728595,1.2107540227550082,2.5498764657160398,0.5004810681346628,0.3709142525618102,high,0
-0.180155363073083,1.088769654216672,-2.188215463595032,-0.376300724924996,0.8355124849926533,-0.2774160324151322,-0.0576695884310707,1.1138586271010231,mid,0
-1.062580415861171,-0.2799933018744797,1.81868309360666,-1.2790307362197864,2.5978572524911727,-2.1013433273807705,-0.1894414642041184,-2.1045960043540624,mid,1
0.4344054882669373,-1.5193460754768424,1.881705586200104,-2.832155598110569,1.1654048695210617,0.1053943693265917,-2.089798316473249,0.395086790858885,mid,0
-0.1626168834271883,-0.3718578822786655,2.7135800264332217,-0.7284616216803428,-0.7070610760448852,0.65145078993193,-0.0822279053918586,-0.8484914908193195,mid,1
-0.8348008125501136,2.1650560678066024,1.44574334669687,1.190548594343596,-0.920998375430982,2.201840498113098,0.4706753067158064,0.8837741513420775,mid,1
2.655986959461522,-0.1106653685573294,1.1726384910183432,-0.8966422273152082,3.1114412945606045,1.6653819038640096,0.2698645303742206,-2.240329295262107,high,0
0.1314765458670255,0.7356219972457467,2.1001726303744914,1.78179890877106,-0.668483059889799,1.5319022609043529,0.8346831293101569,-0.9717265938255978,mid,1
-2.1535830711950767,-0.581782033392054,-1.753145202030444,-1.1738799644089726,0.5568816064898721,1.1535285847749062,-1.20109251725545,4.22444692484788,low,0
-0.4568304347108189,-0.9457460606967812,3.4204191893618843,0.6082461916849685,-0.2299567162060228,2.182101216844312,-0.262933238760475,0.0024341368661785,mid,1
1.3052512148165865,0.4413071516992458,0.2694449174209098,-0.7331561971099966,0.3191402705044615,0.7748613358863304,1.4545922395407875,-1.9424280845519408,high,1
-0.9272955517185666,0.3111099911431952,0.9262625215810444,-1.889649292096153,1.4247462513247986,-1.2179862979061182,-0.108869847845513,-0.923519930190808,mid,1
-4.060206065491848,-1.9782252493748105,-1.94632044035368,0.0469349020603696,1.673400131735599,-0.007773199145213,-1.8413064843239888,5.206665304681149,low,0
-0.9976955769531164,0.5082686396745896,1.3145715481192162,3.926237706436327,1.2222169175798812,-0.0852240490916778,-2.1297247969259816,1.5744930323453192,mid,0
0.1770803809257135,-0.3021805869826214,-3.5621454749045487,-2.6031370878272986,1.3132450930776998,-1.8243325602540637,-0.9907182006482582,1.4559438263686808,mid,0
0.7427981867076712,1.972542176789808,2.100011268824184,-1.385987942398998,-3.512712576095602,1.9375814242292724,0.9516769730977248,-0.6373534754992765,mid,1
-0.8443393303884309,1.7120402840178923,-3.881329555575624,-1.7476365098282616,-1.4976120814432654,0.6676932600426074,-3.638593035725639,7.010562461186467,mid,0
2.548561526294927,0.8419836954521269,0.892414546621745,-0.3692072004474461,1.150162963863871,2.1290483169685563,-0.3418343970686971,-0.7251314325166699,high,0
-1.406159825797001,-0.524567013767051,-1.1525273239490224,1.3522026788671444,1.144027679965653,1.170542708894044,-1.760792821367298,3.793989083330777,mid,0
1.1312775543531954,0.6405429350747734,-1.9556282312187987,0.1230782016561811,-0.3555872593373561,0.0858191681017968,0.6899903858576326,-0.1081573757667895,mid,0
-0.4331710781954963,-0.1868961581619848,1.0603142134594266,-1.63047324371514,2.498937406206129,-0.5996593777968504,-0.7402905897580447,-0.5495842766315563,mid,0
-2.525661569814029,1.237653757511998,-0.1778035112180922,0.379767636040896,2.96494379506704,-3.2931405706092294,-1.7214190946306154,0.6219948592051392,low,1
-0.668315176004125,0.8467707752164937,0.5627924793572829,-2.127227420351496,1.7119898461855882,0.2132155908538857,-0.9674914843031828,0.8059905763058398,mid,0
0.5041088981122994,-0.0070449854805546,4.186679445647925,-0.2156095785680223,-1.957436090616017,1.0411913479601254,0.2599539350673903,-1.968939635263464,mid,1
0.7387054743103925,0.0785770297191498,1.4956586510611718,-2.128734094414812,-1.933229046254143,1.4741002155616836,1.3055802704031585,-1.2360324322141043,mid,1
-0.4408054593842671,-0.965664803523208,-1.5665230373297376,1.6291663649009451,0.5179622247772043,1.6693366942515977,-0.8143732355932622,2.968828826459176,mid,0
-0.0616742626995658,0.543479378670093,1.380100284053685,0.1998104337187135,-0.3649017777865855,0.6201319013354019,-2.550815707957428,2.101027243695249,mid,0
-3.4453595841681963,-0.1979377289846818,-0.6485899675864412,2.067906338163552,2.109002129071614,1.4294841858873704,-2.073538533083379,5.105304029138004,low,0
1.3899027399994202,-1.153332403205745,-0.0417952768754501,-1.6873443471107104,0.1682702128462612,0.7927938873468847,1.4363821576965667,-1.7545367432618826,high,1
0.6755552092738714,-0.1858457521927473,1.595610511112074,0.3099989831655551,1.0017543345477136,0.8616519754174841,-2.0611522105669597,0.9073382134731434,mid,0
-0.3854103562993349,-1.5171736966716791,1.6511369671346927,0.7505791675217656,0.5594787843392939,0.1591796981606181,-2.6027811274735035,1.7120285374339936,mid,0
1.878709324241912,0.0720368612837447,1.7338824725199404,-0.2122089699011516,3.154697128683405,-0.2027538115385365,-0.0663673790715611,-2.977097127381461,high,0
1.9764378048976337,-0.8617030702562581,0.6670433593571591,0.0300314791640821,-2.0382633546212343,0.9970587324866104,1.7182359882376226,-2.2399563122741006,high,1
1.4410539320992204,1.1927351654164144,-0.8723357836011165,-1.2578681559088878,3.0821094892618888,1.0069625344399862,-0.7734192713440051,0.3229725042436954,high,0
-0.4716651688013479,0.3195246707829554,2.668025665911203,1.653617268492285,0.2796755465859941,-1.063403355389142,0.4196415542871383,-2.4142927222511434,mid,1
1.7564693022276543,1.5781180575621845,1.2383815897395845,0.9854496856152184,1.8661933973742075,1.1263051286581642,-0.6948001546987661,-0.8796802205619229,high,0
2.5517067051810702,2.271449745422796,1.3009894719655266,-0.4043974231839612,-0.2990094423646298,0.5984200909239618,1.0085103553603991,-2.9434880424113885,high,1
3.038284173437141,1.7611881248673735,-0.9375550614193572,-0.0003136726117747,-1.1222862954822184,0.204575393351063,2.0916247792818443,-3.047692432120661,high,1
-0.7313725471627912,-0.0944587144420027,1.365472472195141,0.4196099720241181,-1.0489681605535146,1.2432203603256542,-3.554598858010226,4.04127349064139,mid,0
-1.2126745686084184,0.4347700645568911,-0.8665752806291167,0.4754306825266234,0.7693794557159809,1.2203351590666702,-0.8931582348635863,2.791912059012887,mid,0
-2.623592257253851,1.259233239786799,-2.40629671688598,1.1464408704007276,1.8946108312340515,-0.1409221258244339,-2.020341932581776,4.568143170141666,low,0
-2.03431883331033,1.1818910929599615,-1.0152985274617932,0.4809080927488954,5.107875247981938,-2.408207104261185,-0.4150193817963893,-0.2913617080122804,low,1
0.1084860103555098,-1.6380290574360168,1.9768540548974427,-1.7863754653546866,2.0325437498918486,-0.4267719893791739,1.5469491573174932,-3.3874353375105275,mid,1
-0.8255905058885769,1.9234457948249533,0.3592913318831411,-0.7746149700185819,3.885489251688668,-1.3097880892887526,1.3358705047301973,-2.574871201945416,mid,1
-0.2945037482717787,-0.5193963718261266,3.152151411139564,-0.3409078773460798,-0.0809143541229602,1.9666984306068984,0.0237759883906076,-0.3866946878871702,mid,1
1.034117239808678,-1.0708524186844388,0.9704198012196018,1.9114190871397236,-2.8571429654360765,1.7935664732820005,1.0494397842806442,-0.4815698737702992,mid,1
0.336771133049348,1.450927548279212,2.39667149469454,1.8071966436378848,0.6174258599060873,1.5341900405028503,0.1971178715443271,-0.9446436057782972,mid,1
-1.3122943860171496,-0.1499407190791093,0.6102096968502116,-1.433151814524712,2.855980715472996,-1.7674220449664788,0.8190137880906503,-2.0067913716655554,mid,1
2.5525156803139524,-0.2224748967782653,1.453184110829057,2.046862195719558,-0.7717061998410075,0.6369432141154631,1.1986034653141353,-3.09070096736003,high,1
0.1302797498685466,0.222289855800854,0.8242956670041475,1.2788658133133932,-0.7383047919331706,1.5759893519691048,1.0722922330240774,-0.3967514736739998,mid,1
2.786763564038776,0.7793490039053323,-1.09473598165125,-0.0390195193775441,0.4045603976684517,0.0583228044222559,1.8189152378380915,-2.9407387377053,high,1
0.1684620344133744,0.0726805243293413,0.593058869446525,-0.4114931445621802,0.805561700799149,1.0144597498689565,-0.9250044107019986,0.9071688350387944,mid,0
1.1301308623039856,-1.0022170189267248,0.8382932707746171,-0.752435237353035,1.1327543255918118,0.8234851229740349,0.7557424204636278,-1.6414161864383063,mid,1
0.5186363738721481,-0.1942691319785193,1.2500006195148483,-0.7557915001583629,-0.1312806108586515,1.4167983434452849,-2.211279467383453,1.951077092978799,mid,0
-0.0534379074431643,0.8794170411374032,-1.025905036229097,-1.0773760769847582,0.8276249072775819,1.4005330063773191,-1.0631623895549636,2.388435762767389,mid,0
0.9609164383823178,1.186734620177331,1.5403873555985648,1.4363354057059785,-2.184958386913891,1.5647250782717483,1.0306735261407125,-1.039869441278474,mid,1
1.4632317634881085,-1.28716356858425,-0.3740647749289647,-1.3971181851129912,0.3724016912761637,2.8703424336793883,0.198069525733022,0.8757581522088955,high,0
1.221044335775776,-0.4161944048852539,0.1698576504240327,-1.1300693390403578,1.7107844017527123,1.75252894574377,0.4212175893434675,-0.5014838075495629,mid,0
1.472248820501187,0.9784221120280352,2.6051260675692376,0.5221425459339358,-0.5397553204344789,1.1963050231474754,0.5742440921752312,-2.1547920702817,high,1
-1.2120444343692014,-0.7798529462216388,-1.7058217400093258,1.0819848092499422,-1.251377897512832,2.094561735382257,-2.6602669909080507,5.9325102696896455,mid,0
1.4231209653777122,-0.4590903102189917,2.2583526910110407,-0.6946003691631446,3.115924023917665,-0.2181390050439293,-1.040386410594416,-2.0745545035658,high,0
0.0178418562151743,1.0018248536819372,1.887014869900732,-0.4975708383852071,-0.3575224054263552,0.8309348077464687,-1.258620002613515,0.6721456767977653,mid,1
2.559857275627364,0.1904238899250577,0.4444720978494699,0.4492187212850342,1.190715092795296,2.333843573977118,0.4438215659774664,-1.0796992972797503,high,0
0.8011886921560976,-0.4179095457658905,1.7603725222305528,-2.025807873111377,-1.7183475612776558,1.699775512450834,0.6954004735118192,-0.7567051943900115,mid,1
0.3955120133120021,-0.3425492008577649,1.240778575735904,0.1704637709965709,1.1078221521498302,0.7828807369846543,-1.7172395889147398,0.9052835178287716,mid,0
0.3969520580101916,0.466670981966081,2.5430614022558777,1.52100622715938,0.7420752904865828,0.2605753870719082,-3.4050963602302486,1.4521167775950583,mid,0
-0.5751081613162008,-0.7068925679873489,3.691034761626229,0.8555556590207121,2.195202260216336,-2.1087761164114784,-3.979991729671144,0.1045922576365192,mid,0
1.767181739403067,-0.7309562757154733,1.3587983183749537,0.7579218499236196,1.8776443932865243,1.3497326769340785,-0.7231540518854678,-0.7872579320712603,high,0
1.8314351039274344,0.2125740306322149,1.3749188146937148,1.0269862633197322,-1.5423273294547248,0.855571914536192,1.618089152225178,-2.6628353249471712,high,1
0.6177141402548004,0.4441983272906719,2.5006288821572094,1.1013229577357622,0.225733271202092,1.3147093961524012,0.6688859026133532,-1.6979145812472556,mid,1
-0.723433008538378,1.0094717885959688,1.456626970674289,-0.8449414385934964,1.3861104253183034,-0.154549992435639,-0.2103741673540765,-0.5714049140518241,mid,1
1.1593009198970203,-0.0966236700148897,0.5684858671655856,-0.4159669279473586,-1.2109645654416978,0.9750003150349726,1.61931790856879,-1.734096476722604,mid,1
-0.2084251821182086,-1.466785190615677,2.342406765406874,-0.5014021468856367,-0.9242667615249612,1.607827494330766,0.8850887266503527,-0.8364052426202331,mid,1
-1.2130366672956765,-0.3998990621311371,1.8521735395266825,0.269294752580734,1.8180818189835877,-1.732849448903611,-0.2113692669805706,-1.6040263253255616,mid,1
1.5976606371057749,-0.2843846496065093,1.087534085003259,1.5905820726178503,-1.1040851646467194,1.0688954387998555,1.2229965140325922,-1.9177502082043048,high,1
1.641965594982359,0.0413256322706184,1.5856173493679584,0.4430021304473752,2.355927536915263,0.5441901811972977,-0.6178826898905949,-1.563137627524346,high,0
1.473714370663921,-1.1818741254208012,1.5619626757233034,0.4494739128323068,-1.1390794919254166,1.5067200872238484,0.3412618088511826,-0.9945747864191682,high,1
-0.9197592278351778,-0.1814490692475167,1.7967559416487615,-0.1063370025313149,-0.737560337552247,0.0974067486020362,-2.9952176674305693,2.570868850591912,mid,1
-0.7506226270607358,2.124771403016961,-1.257666449966528,1.3313390619884031,2.2085931558273693,1.0662406078064983,-1.0665456343076485,2.4866765627097824,mid,0
-0.6851746200019779,0.8875039674140593,1.9519211159947891,0.7608466543114778,-0.8835860856796789,0.1768387104289144,-1.159826874296731,0.6829562950127023,mid,1
-1.0759407029061656,-0.0565884888998958,1.7387622505007172,1.2189707897936632,0.8587690516790002,-0.0021547998530135,-3.1705041015788185,2.481310971541285,mid,0
-0.7721163576683112,-0.6922503292658964,1.0357212015253845,-1.9689231424160831,1.5483685279403938,-0.793972776043673,-0.3903908633887878,-0.5735293560935686,mid,1
2.226056540097668,-0.7090209576304904,1.971166071530149,1.953259137526568,-1.2348333694783855,0.9114139411400992,1.1961296915747428,-2.9051484234444205,high,1
-1.2419781390135922,0.8721970000729778,-0.3488469652617739,-0.3150867311941086,0.9248892887218124,1.980850062928429,0.6452417339377259,1.526962888392637,mid,0
0.2553633105980333,-0.2798103423770061,0.8143275876549894,-0.9645377949101912,-1.5715233457679008,1.4217968962837584,1.563780233320851,-0.8655922146972282,mid,1
0.9678399134808132,0.5333592447054494,-1.0026834248987813,0.8394685045184047,0.8819648992685267,1.6017593057972084,-0.5486428696744308,1.339666328404541,mid,0
3.666156535463932,-1.8179792253871547,0.861836013559333,0.7597122954841684,2.493373306649263,2.087288742537459,1.0566442661628186,-3.0580914144062525,high,0
-1.1662032240212483,0.6715311717290534,1.6073588528518168,1.5280313593878327,1.9121690421484845,-2.1868672859631237,-0.5420761321783741,-1.4962504461406418,mid,1
-0.4837339955853614,-0.7239903317426091,2.3952013898051576,-0.1953903511770239,-0.7204444235106799,0.2986571894813488,0.1793171898367258,-0.9228077669878852,mid,1
-1.227540520533202,-0.3464265060068996,0.5149205993391837,-1.611567359102828,2.306063532166545,-1.6541551540084956,-0.0683450618238308,-0.9864561059545992,mid,1
-0.3460365120455251,1.855503314794263,1.5391659799427004,0.2242347445352917,0.7485472659677332,-0.4881039135266817,-0.5743297446163389,-0.6152393707094338,mid,1
-0.3956834397583272,1.0294574815983573,-2.3080241179208687,0.8723153800284503,0.981224131501895,-0.3394142718123918,-0.892060189195256,2.039794734371718,mid,0
-0.3431606732160444,0.2327867429401636,0.0104783325748492,-0.7567639770159263,2.328182308893065,0.8936627661864596,0.6634698176158007,-0.2933708350457162,mid,0
0.9347899075623862,2.2724347204468818,1.9614237627610092,0.8890371222798921,-1.4334230278360387,1.46358011486037,1.0424238767375664,-1.5023491225631205,mid,1
1.3166883795524031,-1.2021495260760888,2.292082696792764,-0.3956807117562638,0.863544352779004,0.7508962881991061,-2.784924724117705,0.7087618432639006,high,0
-2.414699255547049,-0.5561187467607805,1.4682198544712444,-0.13006029355362,0.4418351329524274,-2.8652542680611,-3.3374910771053026,1.8892589159755795,low,1
-0.817575502288707,0.0188190497405984,-1.7391875206470764,-1.1716543473175618,0.8693365666346832,0.4880038468512445,-1.681111424380728,3.287282818344168,mid,0
-0.2511741245723027,-0.3655059369852658,2.745756071906064,-0.1512992202325223,-0.5678683492605843,0.1412454411145332,0.8788699037855177,-2.074400524288361,mid,1
-0.0070920407027941,0.7324921027798023,0.2517620647019916,0.2887236628250232,0.7694389158456809,1.4410196436628813,-0.7397816323066859,1.3374105644267509,mid,0
-0.7003477427957125,0.9955815140020298,0.6242882786442703,1.7031726099180378,1.0776305073892845,0.4417842039286765,-2.0173647979854508,2.055959996902194,mid,1
-0.5171840231518036,-0.9245641143781,-0.655896460620533,-1.597599169595432,3.077360909544998,-0.0796283756996019,0.607066346742617,-0.522541330595717,mid,0
1.2946324414880055,-1.9511018640386248,1.0218515857530366,0.1435879365051602,0.5277967379655586,1.6416963419026187,-1.326796637201474,0.7569883322583247,high,0
2.237512444981854,0.8691545924968965,1.1790497558137047,-0.4555395260238707,2.084245216171788,1.3358623825609688,-0.1926712059750848,-1.5402104013044655,high,0
-1.9999669072927784,-0.6701152004542329,1.5841220481087814,1.1717179147161596,0.3711113323917102,-2.4814190529040063,-3.1341380511627657,1.6225491480910923,low,1
-5.0128312628357925,-0.4969320251179782,0.383028045280495,-0.1825689743795411,2.586197013723305,3.1780440003021075,-2.084263032653435,6.585909257245612,low,0
2.929771741137089,-0.8468509661253646,-2.718750281587636,1.2496189052966666,-2.107543504886688,-0.3386350700544729,3.908695079465538,-3.784322033399157,high,1
-3.6882259744354817,-1.542801515209646,-1.3026240810701204,-0.6327550298850391,2.2431559282330955,0.2571382587801571,-1.1076937116891494,3.949440649351105,low,0
2.2139574272445914,0.2289963924593402,-1.137957876081394,-1.8579014513982872,-1.839565044898212,0.3921198577811804,2.8019896408250773,-2.78405102099302,high,1
-3.637054309296131,0.0522584904974832,0.8238183108265578,-1.060605066396601,2.4108180567908937,2.913021220552908,0.7925023662785049,2.580007737530213,low,0
-0.885080854874861,-2.018487864388638,0.3351179325681653,0.1450637459593816,2.5939993593351724,-0.6297540362803772,0.5878273578992432,-1.1096307510072638,mid,1
-2.9587427272182643,-1.1195461283831687,-0.6726150341193987,-0.3935298559697288,1.9266188495979504,1.136630708731986,-0.1791923632724306,2.8655040422220464,low,0
1.1802826060107952,-0.8239354869719996,-2.8049813907003838,-0.7191094514491859,-0.3751751402451755,1.0347486492643758,-1.3029233330968402,2.85876554116685,mid,0
0.8113473592335334,0.6032475005713938,-0.2304588356562225,0.2981584659905256,-0.5598960975271821,0.7474538184392787,2.2611905353827257,-1.9175062209093887,mid,1
-0.772762931646908,0.6549755842216898,0.6118618920169351,0.8107986455917099,0.8399931232378175,-0.4517353992305817,-1.6463149182114836,1.2257456288840909,mid,1
-0.6522744862736225,-0.2359699872109716,-0.7769131174262311,0.7441857103150346,1.7707441794985632,-0.3711417062340585,0.9802174817218254,-0.6365270882633639,mid,0
0.6362093989354624,-1.2931415437586478,-0.1243220866591392,0.5723903111756757,-1.0535850474660762,3.1558690442548687,-1.4361020722540228,3.285737880093364,mid,0
1.805966601107273,1.649480894323921,0.8697223233442557,1.0706105599791862,1.5766836356768714,1.2397023996665784,-0.3173309386723034,-0.91540863331477,high,0
-0.6773491411929037,-0.782003492511037,3.442746409278638,-0.7597031174802871,-0.449473151903101,-1.19881138953095,-0.0757687160740705,-2.211310877727704,mid,1
2.619759208389002,-0.8892408282283243,1.5055863866175083,0.9553005582377528,2.8700259866652704,1.021533712901722,0.1142191309549185,-2.639589869855189,high,0
-2.096687971700856,0.0452227089999825,-1.0769280811971176,0.0511979018810853,1.7265781122361137,0.3543021343580739,-0.6235826565736957,2.482428533335778,low,0
1.969966553486288,0.4322629506341555,1.686662289723737,0.4700441873682021,1.4231641186320652,1.306708633503134,-1.3118844136610914,-0.4970987785590139,high,0
0.2662523599978392,-0.9933586995819508,2.9270697638712098,-1.0158788269899783,-0.0102725122724993,0.867049666564981,2.0988473019835547,-3.3064119852326948,mid,1
0.0888191990038265,1.7349365758368085,0.8851571665636578,-0.8567720938267928,1.6299605593466664,0.3198663823747795,-0.814909423557294,0.0601416802913188,mid,0
0.3529297397682223,-0.0448930301225369,2.7566697155545623,0.1825010305992134,-0.6643766342193835,0.5313734545373228,0.5041981054868112,-1.8515714301522257,mid,1
-0.5008025085514116,0.4254899332402302,1.6123931241326912,1.197246923645228,-0.1666454936658903,0.6897087034070947,-3.066523985512248,2.7422908899154064,mid,0
-0.2584807922664663,0.347561613803552,1.3545426351955296,0.0866976994143965,1.279377985448645,-0.2666684520112101,0.573089589377441,-1.6046490539841995,mid,1
-0.6245351913348274,-0.8245141615276735,1.310611238175856,-0.6085897232397004,-0.2344537844557905,0.9445062207155208,-2.879661286900604,3.0074562881634104,mid,0
0.0056799779342853,0.5002404694365699,-0.3888050254855538,-0.5336003064391669,1.1787559724248693,2.1487267770255336,-0.9182077202072012,2.2552081175096093,mid,0
-1.4842030042076184,1.6957228778108653,-0.501741246333865,1.897288694773112,2.018675265593603,1.130965838123147,-1.7843387145090075,3.278226467964016,mid,0
0.2385457641126417,-0.3008597471408262,1.357338877059094,-1.2094769354188053,0.1506701246759263,1.125688079910184,-2.283433511043243,1.8915481864700283,mid,0
-1.018534788475418,-0.8130143722601298,2.0883519560556705,0.8232799156777053,-0.6079125670929855,-0.7113969148361214,-2.045275463859838,1.0151575233161123,mid,1
3.722014491344095,-1.907807557877391,0.4378893638706133,-0.8603850107795019,1.841508586637322,2.761567834897785,1.0317581421246034,-2.246032567953566,high,0
1.8776610063081367,0.6654168236917787,0.2226186242749489,1.941217436463749,0.2060380703607705,0.4822833514446599,1.5166914504616429,-2.518610489867063,high,1
0.1282706842545662,0.1412571400874632,2.022986246805797,-2.1305664798072006,1.0274833303081272,0.6284494719179718,-2.817153739979509,1.5670597920245142,mid,0
-1.603380073336873,-0.97536602727825,0.3923151264747347,1.3035079319347591,3.986649093186073,-2.3141696180504416,-0.20568430036363,-1.3131608033988742,mid,1
-1.6718511102241378,1.3934545275244314,0.8495471165515742,0.7105491022977853,0.6549136400199592,-0.869836217086037,-2.811463646574913,2.5354383600296537,mid,1
-0.9432544771667004,-1.0973683189710666,3.276566110468819,-1.4769249275319014,-0.9159454783026096,-0.4472943757379037,-1.1799797098702187,-0.3134170068257769,mid,1
-2.106116962260519,0.1810627427710823,1.1464440151608617,1.3032780373160635,1.5568556918949294,-2.754235828961365,-1.8583250315213375,0.3321553557704024,low,1
1.37317591009657,0.1455211977682408,-0.3789605882615594,-0.6141225650083162,-0.6458265357964534,0.7461404437584684,1.8842221286505536,-1.8290440354803597,high,1
1.0116040750654414,-2.9069882193216414,0.9977519712129668,-0.3748220566218061,2.2949875571862446,0.6930848460360544,-0.4710471683401845,-0.8284022269259093,mid,0
-0.7732666638486551,0.1493634822711889,-0.0202208968831258,0.3641402960546613,1.9751766186714643,2.1475626320489183,-1.0616608531672815,2.5216046148355917,mid,0
-2.0145655530458524,-0.3828171896129687,0.149441342599965,-0.1237289462748361,1.3566468438185937,-2.414838921645408,-3.640973218387136,2.7984661363547216,low,1
0.4994011460561951,1.1590740649558977,-0.1018561183222104,-0.336254738681072,0.4147041120558453,1.7219229492113062,-0.2913882762147495,1.0482762054341588,mid,0
1.6084371786349774,0.0124993219072503,1.2898595136897917,2.8684030556667683,0.658811902822646,0.9201733899095804,0.676368679236597,-1.9886526680447176,high,1
0.576326174204222,1.183493666889928,-1.044468636795093,-1.1780408673763807,-0.7825184874912146,1.0779483917042358,1.9532419024561003,-0.7303914495769205,mid,1
2.0134699468017923,0.9965705105794472,0.9017216463056144,-0.4664953792281979,0.9109094368542072,2.2270523357298244,-0.8056226855432099,0.1703753736739467,high,0
-1.1775917814274652,-0.1227089335957241,0.3659286325987982,0.0933723742766512,0.6488289164387303,0.9989450498724072,-1.4559030927694772,2.448319016594423,mid,0
2.749223269856849,-0.5698329282387588,0.4984341034176935,0.3295087355730091,1.911251825093799,2.4467177143630323,0.4746705794249433,-1.3385176416715765,high,0
-1.890091487978047,-1.2644984069549656,-0.437884400522627,-1.7931064525345768,4.01496783278958,-2.251007021069192,-1.1092391896042837,0.2504934188994192,low,1
-1.3963225384838889,-0.150320460271872,-0.0230899568858271,-0.326696213186364,2.389341471240291,-1.5538326078608504,-1.219981633247147,0.5729019247596207,mid,1
-0.1491063375262642,0.3525049683568795,0.9810874671239178,-0.5703513664136806,1.787310508867042,0.214745914814827,-0.904590944142386,0.1433414942406399,mid,0
-1.307802663838862,1.2795186697601588,-0.8011037777864559,-2.2168188393540644,3.106579902217104,0.3469529445973129,1.4836443994826796,-0.4657035510133316,mid,0
-0.7682395005097011,0.5376299029498797,2.429492271764354,0.4281862478105761,0.087789648902647,-1.0014549534577133,-0.3545369913227159,-1.2711870426697187,mid,1
1.463781173857795,-0.1728017373964643,0.6545293809363641,0.7719201548366751,-1.396693064309837,0.999817384847297,1.5383629662126883,-1.855263796449836,high,1
0.9135600246515392,-0.3613105619672905,-2.603324320661307,-0.0641841612888192,0.6536182928883993,-0.6203595798671389,-0.3112022559902655,0.689504611205931,mid,0
-1.0150059787434704,-0.9627325652846124,1.968673375275672,-0.2066112796960466,1.0243598203055773,-0.5619558425533515,-3.16711365263773,1.9015412155269464,mid,0
-2.0103444120687595,0.1786947168104756,-1.341581712434932,1.2292147842970504,1.2592230379235785,1.5999463699407874,-2.557942824023874,5.310001523577928,low,0
-2.2154203169191757,-0.0490293408380367,-1.1447241848843497,-0.1603600810448307,1.58954216315853,1.5667922371264598,-2.041175180209886,4.7542223118725415,low,0
-1.322468347256137,1.530195198863351,-1.6425878127920674,0.664927162301741,0.3884034862983369,0.6188184323102842,-0.187862849952479,2.3443644946213027,mid,0
2.8039881568492344,-1.8697416996954208,1.411828552403863,-0.3885207751830092,1.22950518684621,2.194002778487765,-0.9683024404442122,-0.5857345171300433,high,0
1.5073470302426033,1.0487071264165635,1.8646733548855168,1.6554071130882952,3.3686458778609305,-0.3959343265978938,-0.4620808805358702,-2.6084880758508664,high,0
2.54258507441151,1.1038773433162576,0.9011531541252944,0.4751677464953816,-1.5434255395982464,0.9983402063539862,0.8351028128722872,-2.0221086280180343,high,1
0.2736312834127654,-0.1131280525157404,-1.1209037686435837,-1.2992163634458245,1.7635834659641136,0.613913807019623,-0.2751964640698832,0.7827243142119009,mid,0
2.45862982917876,-0.9162741005637248,2.745450100900351,1.3554428011054958,-3.4108152878814844,1.579849046061962,0.5295074174257285,-2.0076116964267414,high,1
1.0392950387924684,0.4258436586298291,1.9323371599012584,0.4182057558879721,-1.0118078852795789,1.2033614110311484,0.9713185901629102,-1.7438018338198664,mid,1
-0.9370170506941352,0.5859042011646491,1.199900887877002,-0.736770135947622,0.1232199246449021,-0.5185557418544698,-1.8488715036381267,1.279184063687424,mid,1
-2.620453463502039,-0.5969742867210739,0.1472259444359247,-2.390304367469438,1.9608611830468283,-2.7455288819869,-3.474192831395005,2.7021253873186533,low,1
-0.7866585572294065,1.2753907379990148,-0.7728729018006484,-0.1517144335772291,3.5091780319800696,-0.6000390074219693,0.9604420970435232,-1.0369011071545604,mid,0
1.1086994621108188,0.216624975404619,-0.0251408930519128,-1.0257526836402773,0.0182728094553501,0.6583180899845422,2.005378682216771,-2.170970646844938,mid,1
1.6814901135292386,-1.6826586941226858,0.2821626091374806,-1.0240285908863795,1.0504851100829211,0.3423570574749199,1.6125739661155685,-2.778813489175577,high,1
1.8075641170395709,0.486036289417637,1.471151814813253,-1.5473039889383655,0.0488490106981038,1.9185086083887488,-2.0369675965461216,1.0996747755568004,high,0
1.901676759064654,-0.7188323876087304,0.9016465482574888,0.7450053128772811,0.7575754873822111,1.8681716543673783,-0.9325776042924652,0.159481162105389,high,0
2.0781317052890014,0.3240570282215606,1.98140283377123,-1.147691389815667,2.896184241056159,-0.0085198189607453,-0.7702973096938208,-2.41365219533952,high,0
-1.5212113305673567,3.152056734512085,1.2216303673585804,-1.123494033239598,1.2934961753903504,-0.7820055057818873,-1.3106240201496495,0.7339885673782371,mid,1
1.3026594240560252,1.135620147182944,1.0484053527102155,-1.1062935124116342,1.227233194758532,1.2599182099908093,-1.0246455004268924,0.0592859294477099,high,0
-2.646798843473478,-0.8927875154918841,-0.3225449420395831,0.5136144642310962,2.9884799526653394,-3.1095029979496047,-2.501280379475751,1.6351717551286435,low,1
-3.23459816819695,-1.8400777445057528,-1.027133387952138,-0.0322806110494703,1.4576747102433427,1.4482297370323305,-1.547851518218306,4.841926108683741,low,0
-3.338425745582245,-0.3270173176097711,-3.0371728369765134,-0.2134567793504382,0.7892305305235678,-0.3234851516751729,-0.5630253566551146,4.149503698175845,low,0
-1.9149266691350773,1.6147787907098514,-0.0268820392819639,-0.3220281544920584,3.0365238165397703,-2.6138317328184826,-2.0134327539359376,0.8351847462732587,low,1
-3.162512126816445,-0.531454551359215,-2.643259680768585,-1.567859425365456,1.7719942225950087,-1.2685328519515215,-0.4535953570515136,2.878189590086064,low,0
0.2467191261250303,0.5531491563792091,2.361040114985201,-0.5482002981667726,0.5544165108175776,0.114392735230862,1.3490977515952192,-2.8633148591655395,mid,1
-1.4485946954651443,0.26402008133367,1.2156492969586727,1.2723535001067678,-0.1935225498805497,0.518767581174491,-3.169459062056417,3.5911766170945265,mid,0
3.468272968850596,0.6820694900626313,1.4223199777511053,0.1261779036619671,0.6730918228123397,-0.1635919387575322,1.3562826750076171,-4.643194066468058,high,1
3.141011935200176,-0.1295172468634407,0.482581593148162,0.5798572852951321,1.3012281049152616,2.7260976532650507,0.4013304412468226,-1.210668725622513,high,0
-0.0978694781641502,-1.7938924978678903,0.6726732212906501,-1.3554475031122892,-2.8229500724465453,1.9155827514313373,1.4319937045989108,0.1536397763784171,mid,1
-0.5715068708102957,-0.4835614838465371,1.0085465652789296,-0.6121669171548207,-0.3765606437372575,1.1776210588367737,-2.597428064438416,3.067789562742373,mid,0
-0.8672659509869749,0.4912076654119963,1.7300029017897889,-0.3580293797469862,0.979091818406938,-0.6690530062357845,-2.620947038182086,1.371517705971566,mid,0
-1.147210941132318,0.16048962397348,-1.2944792656726427,2.212531039397242,-0.2278467369058923,1.6760174974288793,-0.9962381489403632,3.6007560469302646,mid,0
2.7022473072867346,-1.5769964821909972,0.2641446052192789,-0.8028244439508423,-0.0566073327586529,0.2712300531076005,1.5247269300428792,-3.178373373493623,high,1
1.9258144864028823,0.5320061988219431,-0.286174244458073,0.3616610612470166,-0.2677664617500397,0.2159025377044165,2.456895667219806,-3.21021880128096,high,1
0.1396301387495464,0.3163583215361447,2.151564937794207,-0.8852486861242225,0.8659025951520668,0.4074163625929674,-0.0800749852891189,-1.1985346446392695,mid,1
-0.6254519168525927,-0.4511588584089988,1.8688483402499,0.5517407999109204,1.0220822494668989,-0.3652644500635185,-2.6277735631117416,1.3268337826330363,mid,0
1.4143659872671697,2.0860470495371137,1.9040657739138296,-1.014759493185852,-1.7220627198074023,1.3535322675354244,0.8353195540725571,-1.6029324051617544,high,1
-2.6878618495344035,1.897767016745977,-2.7380332222445327,-0.9478927172689864,1.5791319492004123,-0.9163102481356364,-0.1105643956492756,2.569621702763816,low,0
-0.7105892999999757,-0.6039806259692295,1.2520501350312745,-0.229548655360347,0.2942639997410804,0.2878476994749116,-2.3458671563586293,2.0592928425251182,mid,0
1.9056016013223256,-0.8638829605897661,2.62996186154393,1.279464931657751,1.7806758211646785,0.578779102474005,-2.5491266827814,-0.4003356889721299,high,0
-0.6719314712434897,-0.5717460419560614,-1.050110944703391,0.3326075103241975,1.83512908311354,-0.1867720319867865,-0.0428236850984646,0.6062466400296304,mid,0
-0.0628932335045124,-0.7170161491279362,-0.4146899230155623,-1.2845842656999693,1.942903331672522,1.1686683711846395,-2.550955650774392,3.050805272626635,mid,0
-0.6265921216259576,0.8929538701087693,2.5877702420966715,1.8296202017160872,-2.085939055638764,2.0669431348093723,0.7743177063124991,-0.063957982484589,mid,1
1.7701915913462711,1.676393027208203,2.1600655582340904,-0.9455068799427312,0.0058627793918772,1.0244808991799117,0.5340016687492911,-2.274160596125944,high,1
-1.432767645429393,0.7682072166317373,0.6219383922524856,0.2153965054562879,-0.1593479801887962,0.5751533657678372,-2.178154440433979,3.0307484798509114,mid,0
-1.5162105094404943,-0.2885486958757048,1.637088439199966,-0.7837535211244283,-0.47303099317113,0.1232831613641629,-3.8345773211767193,3.809198102553824,mid,0
-1.6688258696042673,-0.20252422706483,2.112942803289793,-0.5282970466629792,-1.610668254428855,-0.5767544022256332,-3.791380471669391,3.361648665981688,mid,1
2.4893086406310534,1.2002617497388293,3.146047173493675,-0.463161362085399,2.102219348333352,-0.0262394772295613,-2.356612399312985,-1.7326325925076105,high,0
-0.7459333031704125,-0.9519184600222356,1.8582622291857835,0.0774805185188625,1.611068911674662,-0.6560289124210257,-2.501393900967185,0.9829655601163368,mid,0
-1.2523668036280526,0.3308513046155777,-0.9770470705682616,1.451001438131336,1.4052750443898203,1.7238315912833366,-0.1196048483904894,2.3568802132069706,mid,0
1.3930990787275934,-0.7955570679408823,-3.14374495074923,0.4243939378610126,-0.2211208470140206,0.0888647617580522,-0.5813306241657102,1.5901016911339527,high,0
-2.6087496749444194,-0.9680457585102452,0.988589253119286,-0.3103077053849036,1.430481830421464,-2.919638826440771,-3.752412131817168,2.4526323640695757,low,1
2.2124160373670096,-0.0455122453012421,0.9470906152412206,-0.4242363333980435,0.0701164604557549,2.6624249320228164,-1.473238031809086,1.096437202894933,high,0
1.935250700789989,-0.4114266071160024,1.2078582167035383,1.1539007342557472,2.6885769176029086,0.557690213512733,0.1261769490192272,-2.290827547323384,high,0
1.4953835979138188,0.4734718990352284,0.4789792809133432,-0.2676410908987935,1.660323927695854,1.906602316339505,-0.128774601222936,-0.2371573516721606,high,0
1.7620845268969574,0.6386601686431024,2.723287733422905,1.0581183250871502,-0.3995315891091904,1.4050518457880157,-0.1857237639855067,-1.5937457390622978,high,1
1.0353086068017805,-1.5350402475323597,0.6578453961220759,-1.880010033907764,-2.1212317052143663,1.4700028098798332,1.2611981533579388,-0.8587393173721075,mid,1
-1.1422815600324037,0.3220823107669854,1.6399556964203743,-0.011092003948602,-0.639084364534277,-0.042269420515407,-2.466850522955261,2.2023100896986567,mid,1
-0.3712007550461996,-0.7146806769904318,1.0091298754472342,0.5212799050138145,1.6798372967492374,-0.7207641792661761,-0.2476794845030083,-0.934759338042266,mid,1
-1.24401777217405,-1.1115802495135512,-1.9998908274956972,-0.0358255787064629,0.1419846855520055,1.2701493485194666,-2.5694761652365434,5.217435587760267,mid,0
0.0116441474989632,-0.0933868588999482,1.483110345409107,-0.5293321124483709,1.0215887488107085,0.699604375214219,-2.297956080159217,1.5232442598679548,mid,0
1.3967031567520616,-0.7076258948220261,2.3231688124146,-0.7121738641760436,2.811253954370489,-0.5250793391049071,-1.0646712882600524,-2.211507892999065,high,0
-1.53895590147355,-1.4359095238685275,-1.4538787272106242,-1.3158158164275071,-0.6183375896762591,2.383921043668866,-1.662121849493653,5.121804374045898,mid,0
-0.6898836146158858,-0.087435328777181,0.7147500902953772,0.5483196275544987,1.309190373230682,-1.197101154771159,-0.6236740766245851,-0.4341247930334314,mid,1
-1.2928261237822345,-1.4152671919241877,-0.2353933923307871,0.2185340424109456,2.734344726325764,-0.952367268894207,-0.9134252239074788,0.6659057215792031,mid,1
2.2421269784968683,-1.6394841625254342,2.25664195143957,-0.3924711060608729,1.539672901954709,0.9755107521753308,-1.7869662755002245,-0.8078883825166788,high,0
-1.5768818632734445,-0.1034312242902839,-1.5923032517030844,-1.2390527025266425,2.2102352883081267,-0.9135723126542684,0.9861421458268737,0.0036961048882861,mid,0
-1.0018547144149883,0.5152943216244674,0.4146868878242942,-0.8342818100346248,1.9556598666112288,-1.5128277540476585,0.0202738192793743,-0.9948991887336472,mid,1
-2.439235312481224,2.184096733380456,-1.086313361362605,0.570507208354516,2.6667862386314685,-2.7493560195548272,-3.0396236046619545,2.757129677880145,low,1
-0.1822717866349146,-2.929448690002268,-2.9026630412911203,2.052972024501663,0.0474344764071705,-0.561195236703173,-1.422327311795477,2.794151568445068,mid,0
-3.0611379680688917,0.034027411072232,-0.3571946054929985,0.1113726018400524,2.1627441008242663,0.6834370162878277,1.6214713207438023,0.7104168887312349,low,0
1.586077770179109,-1.6566232076777738,-0.2476430946435248,-0.5244481362626519,-2.325230469198973,0.9093153965882684,2.3071535960579337,-1.994096813743588,high,1
-2.2213323147603767,-1.5327005598899308,-0.2112968465333666,-0.1962806513879368,3.6277669335750486,-2.7023484794016124,-1.1965648646165572,0.2001280359025238,low,1
3.708156001275655,1.3286408282482312,1.354121003687682,0.31318447386498,1.3491687763872289,2.3507597168574628,-0.2571311089163516,-1.7366858326493082,high,0
0.6395839504050165,-1.3683150388328105,0.530957535425129,1.987275999230808,1.615984781570896,1.335211397660938,-0.5191045774838519,0.2970170785827531,mid,0
-0.5101480744846832,0.7313802525749924,-2.108785883947172,0.5904220612514635,1.6198645303372357,-0.9294869888402542,-0.6799367008964369,1.281195082701048,mid,0
2.462298260298012,0.9137716213855857,2.5169542622173693,-1.5457297866907331,0.1908647365789844,0.9619161550711782,0.0326228533709955,-2.548874060311145,high,1
4.177020775873312,1.1218578562304709,0.4100998210157591,2.3200407220172594,-1.626624465222712,0.1052608953400429,1.932558226545952,-4.406914538480379,high,1
0.7485177359132498,1.3764964500195378,-1.410019696266429,0.3131321400131553,0.7354305132854423,1.0796982397361956,-2.40572644060954,3.1567493718397976,mid,0
1.4351294684234348,-1.0921636327180897,2.15011004250953,0.8347513263248821,-3.2596973603250072,1.6445531370806703,1.0370202629806833,-1.4467160550254656,high,1
-1.4486508047635158,-0.6143231440962944,2.423904060370801,-0.7097889922335351,-0.3742120268789517,-1.9823799635979755,-1.66226664853062,-0.1399607331537504,mid,1
-1.1981896543541004,0.3216785413765001,-0.068847210380458,0.1680598059668202,3.5519915160109647,-1.4326515242428646,-0.73365392155034,-0.1453412814267653,mid,1
-2.745871048182911,-0.1831504710532946,0.5053351512371311,-0.3566731341798712,2.5112479518114093,1.334753924138757,-1.2560248480384129,3.050614400042824,low,0
-0.6889115976264495,0.2773584619646759,0.6066608212340658,-0.0222789791837133,3.060471637154124,-1.1081420221106908,1.272429429365333,-2.450906020099969,mid,1
0.7938484766170104,0.085209449633901,0.623522335105815,-2.9911359709007237,0.4858851128887952,1.4718882636213575,-1.0067897423972336,0.9190591963019324,mid,0
-0.2911801358704103,0.5681032051286461,2.4155131422296354,-1.0496554989099411,-0.4654702290868548,-0.1552295632679836,-0.6018354241979272,-0.6774950262383183,mid,1
-2.287180641844857,-0.9938626748348534,0.1515374677455785,0.4201915428949916,1.6582223872012054,-2.8094655683475844,-3.5039561278833498,2.527973110842169,low,1
0.447959074472622,0.1961314590239073,2.6375146826293774,-0.9040682897360004,-1.9679432321638897,1.7586772333006602,0.7616141595849628,-1.015163689195699,mid,1
2.366531060276301,-1.2693304965466992,2.6366804654899987,1.7025146581296056,3.0514356018897804,0.0869172218447884,-1.3409727246604255,-2.424209855512683,high,0
-0.9001129063745974,-0.4122207450244701,0.2368924003790488,0.9134737320174066,2.123286881178356,-0.739048053737362,-0.7398054574212285,0.2296267726130358,mid,1
1.7783685758821013,0.0589842215895973,0.5702282040004136,0.446872500802698,1.0970315633499372,1.581337125213948,-0.1316267652899678,-0.5728059440799672,high,0
-0.2364780693919989,0.4293408228017343,2.331027619840866,0.3796396483859655,-0.8370817637567762,1.1468559499076976,0.2827575998410836,-0.5653655861845276,mid,1
-0.3739750178106515,0.5027844268951942,0.6185997167408254,1.7963608229269636,-0.968172343955768,1.5030251661675469,1.5950571928397146,-0.4348289986046717,mid,1
-3.134009025271382,0.4215460835365612,-2.826449180605032,0.2668183962954019,1.0666195884667324,-0.5755415791915688,-1.9438682342245168,4.965244998016175,low,0
2.8665366168337023,-0.1755639454992155,0.7900705273450818,0.6686548047579066,0.643684597347093,2.65893369817285,-0.4112428946376288,-0.3582802336493178,high,0
-0.0228546310680073,-0.772659445270824,1.518103521597441,0.8301918118626102,-1.6367719823280056,1.3409808536695422,1.9690225533947088,-1.5185335832093607,mid,1
-2.001672840122592,1.2528426344274837,0.2379273623442038,-0.4482246163001494,3.5780063174072785,-2.4999378798190457,-0.9953494911472692,-0.2562648109789622,low,1
-0.3658755255523324,0.2810092502818063,-3.56379021865871,-2.132595626154836,-0.7102322910778098,0.1330191000014409,-2.3831364398649435,4.817685473820534,mid,0
0.9118467781521452,-0.7330329955239894,1.5556153159845316,1.8180619225578247,1.9893759003867784,0.5189300295181575,-1.3957775394592733,-0.2757326195379592,mid,0
-1.7528550577080635,-0.3705827624007828,0.742905074787219,-1.3480471119401671,-0.1708270330589529,-1.1204653135399356,-3.9279348547704114,3.7047544490162254,mid,1
1.0607020240188236,-0.9163209190734196,-2.87792730777125,-0.8369207037962799,0.9187599362805718,-1.2127117228975604,0.8847735849062264,-0.8104037196901541,mid,0
-0.9583907775414294,0.3207857259326839,-2.231848273770866,0.194051943605874,0.2854132461613129,0.8893968953130064,-2.3313809977080675,4.664117366836891,mid,0
-1.1587672746678594,1.1947628618769377,-1.6675483494200158,0.8946471875738723,-0.3331471485228361,2.6420539341141294,-0.265724997249854,3.7972502338860816,mid,0
2.106026424457707,-0.5555467794868666,0.6559701233824861,0.2043890316029767,-0.2941626791293668,3.0825089934075294,-1.2962176036823545,1.5219612749226428,high,0
-0.1567920213021758,-0.7999405067019342,1.575956506295367,-1.908002137123308,-0.1102380305620256,0.7444236256528969,0.1151650359261986,-0.4262461219242892,mid,1
-0.4730311250834637,0.0731969910016945,-1.0033247499848643,-0.1502429887982599,0.9512663967922962,1.2111039381609572,-1.0796744478214562,2.5175793665809705,mid,0
-0.0138929006246015,0.4665453114501269,0.5683164126359939,1.3462257562027482,-1.8522291162512865,1.5736640960879396,1.7901800171632265,-0.5986239085206888,mid,1
-0.0206751445993707,-0.8162172445419648,1.93914382066138,0.0781430629696474,-2.379999150284529,1.7532763343800493,1.434015311213847,-0.8445213363656616,mid,1
-0.2759288661487794,-0.0640777641487166,2.242094265847933,0.5362909095171899,-0.6187414390801378,-0.184023508546598,-1.469927944807754,0.2426165343197655,mid,1
3.1291482870170606,1.205994516546816,1.2164896997193098,0.7774073527645112,2.9740834856169585,1.136956325641435,0.6116023841359497,-3.216899623197925,high,0
-2.994117712831862,0.4961991873633163,-1.1997962412700762,-0.535316712567659,0.6777820175931437,1.080814394255423,-2.453922102292144,5.555088911626239,low,0
3.651005812130691,0.5565531245337582,1.1169946479802573,-1.3354815690998914,1.726610572053373,2.7769308096303496,-0.0281055903994489,-1.5718653291444888,high,0
1.4378300219495912,0.8407344821295493,0.5458577530794049,0.2078025073533134,-3.733510871516215,1.4179430156805355,1.8100091815832249,-1.2777770330468847,high,1
-1.708640152010417,0.4643698635465741,0.3550300730201615,-0.5505519317084877,1.161883536312936,-1.594037149172133,-3.760638920975506,3.1653356810633504,mid,1
-1.5955410934335998,0.5964411375817527,0.4029206552608544,-0.6342858476894031,2.3325504733933524,2.514746307258151,-1.71782006934994,3.5967456228735872,mid,0
3.611026087442864,-0.6277339060845056,-0.7545225107762521,-0.2880388739220764,0.3247075597248121,0.2563786851868802,0.9521774435117544,-2.724696757311692,high,1
-2.171970442516689,-0.5806483025539511,-0.0521391458893405,-0.6113852473886282,3.6645877820396624,-2.7861930675036177,-1.6302973115348744,0.4183983216450117,low,1
-2.2444208626112645,-0.4519493719118777,-1.1856913740410888,-0.7893385057196743,3.006841647452963,-2.113626317230673,-2.1770125648194507,2.224524159572012,low,1
1.6980915461175177,-0.3301200939664503,-0.386406222421892,-0.2116669819311769,-0.7322011122550076,0.603138702882645,2.0047254118578173,-2.2278259349243683,high,1
-0.723478623285577,-1.388542553831211,1.4610971679986893,-1.60027110450371,0.4401921801787843,-0.660588025679064,-0.0760106977437116,-0.8384814923333935,mid,1
1.0537134133903023,-1.548960525053475,1.4709593691060734,0.2579759812211809,-1.4035518292630424,1.3824267928873244,0.8914091881484002,-1.2082070787011692,mid,1
1.403989341479194,1.0074439731951983,1.3334023229981646,-1.2549226680022925,-1.1110257511884043,1.2535226444686636,0.8773588932879699,-1.4885880661810382,high,1
-0.3424776931282004,0.7821300015314592,-0.5487109266752814,-0.7908993816675531,0.4326764982631718,2.391452901565825,0.2997714739306787,1.7466608840240971,mid,0
2.874861758740521,0.2252641172475495,0.1990179619148795,0.6927227551168594,0.5645222012613744,2.97756703781092,0.0115949499506657,-0.1865563459348148,high,0
1.7269521663496117,-0.3723190529379228,0.3034132441623661,0.4373131870389607,0.013517489283555,0.7926110544164884,1.2663828613533448,-1.9894327060648769,high,1
-1.641721343685376,0.2257615231117544,0.4806852026199233,0.0176132519336573,1.9459710718044576,-1.538449139157889,-2.835341262492107,2.054318800120514,mid,1
0.1477363905219149,-1.1967886464263116,2.7758808791793124,0.8936976893891109,-0.3248806652670982,1.5639162206498578,0.631590783556471,-1.2403445757346414,mid,1
-2.5154826078796813,1.2208212988130478,-1.7390728898904686,-0.8767737812118448,0.6757095083675251,1.2972243577585152,-0.7874909563587074,4.135930981996526,low,0
3.02751624473359,1.1008213984226052,0.6295581570177987,1.0613709648731335,-0.8226369570905664,0.3996396185325563,1.5552675310603432,-3.3966693529090333,high,1
