feature_1,feature_2,feature_3,feature_4,feature_5,feature_6,feature_7,feature_8,category,target
-2.006898428,1.296063062,0.29587347,-1.107156817,1.923564934,-1.953519796,-0.793113284,0.218922292,low,1
1.350813533,0.782873735,-2.779315267,-0.43112557,-1.227050303,1.094407812,-2.0285378,3.625784503,high,0
-2.78032876,-0.397195316,-1.188323531,-1.10226974,3.274194479,-2.415978526,-3.486224198,3.555780257,low,1
-0.559602416,1.249504901,0.83741732,-1.332777397,2.921107339,-1.263290617,0.937946436,-2.431535021,mid,1
-1.668834617,-1.395789202,0.434186627,0.591349242,1.717332825,-2.183968123,-2.868666833,1.754775925,mid,1
-0.687156901,0.714609791,2.002261061,-2.049941279,1.179013642,-0.588656373,-2.631501701,1.113710384,mid,0
1.5531215,-1.280455571,0.975861477,0.189479821,0.468533649,0.700648935,1.139267202,-2.306256697,high,1
1.898953824,-2.084112939,1.349283167,1.72469665,1.550932818,1.379882829,-0.904157676,-0.611952375,high,0
-0.204870713,-0.450012858,1.193394224,1.257149217,1.505155713,0.373314318,-1.463615016,0.74105046,mid,0
-1.330414509,-1.371673697,1.606720065,-0.709441002,-0.74009781,0.511358816,-3.891256754,4.066797006,mid,0
3.130225319,0.234024454,0.206284487,-0.248528618,-0.245208159,3.742757917,-0.084097427,0.397516008,high,0
-1.088847201,1.669069526,0.272114402,-0.942558006,0.498909657,-0.35042601,-3.109393725,3.144717588,mid,1
0.710958314,-0.361462767,1.153085566,0.416446038,-0.90818227,1.160637859,1.366964235,-1.487642519,mid,1
2.207509203,0.458168115,0.528777034,-0.979721225,-2.179839435,1.025905595,1.436129015,-1.997670156,high,1
-1.349555577,-0.457848386,0.436201659,-0.159362232,2.108990851,-0.959201331,-1.294643697,0.787539723,mid,1
-3.171968493,0.224339657,-0.129978046,0.904017555,1.137223079,1.884411092,-2.925429954,5.915217283,low,0
-0.302464115,0.049308332,2.032331051,0.768839676,-1.06673701,0.629842597,-0.168975141,-0.212925164,mid,1
4.369229417,-1.909356088,1.028228848,1.318302325,3.392675873,1.698921397,1.364036679,-4.346263691,high,0
2.233780291,-1.103669829,0.439470372,-0.330789224,-1.93726787,0.592498464,2.214348179,-3.026464121,high,1
2.808665076,-0.002403841,1.042261899,-0.589271652,-0.762539611,0.481931444,1.400865573,-3.30985963,high,1
-1.791419298,1.920367502,-0.865311552,-1.22289502,1.241253783,1.361010797,-1.688585064,3.915048589,mid,0
-0.264548362,0.949594571,2.697231835,-0.059415181,-0.927876275,0.203323956,0.256709623,-1.338449625,mid,1
-0.466995362,-0.140375059,-1.577178146,0.307612668,0.448662178,0.289643596,-0.423053346,1.735207983,mid,0
3.019119782,0.252568846,-0.123018626,1.384532048,-1.522567418,0.053325527,2.467957975,-3.887270274,high,1
-0.96831676,1.116833776,2.628926284,0.18641617,-1.22196679,-0.884296167,-1.434814178,0.101446679,mid,1
-2.201690944,-0.297482201,-1.435221248,1.311983739,1.345395171,0.589471086,-0.628677031,3.000078298,low,0
0.90921967,0.861636124,1.207332734,0.139060399,-2.328712658,1.466561342,1.312472194,-1.108525739,mid,1
0.00862347,0.511499575,-0.718980926,1.93515404,0.488673024,2.134578944,0.06405259,1.657717804,mid,0
-0.027311806,0.975312458,-0.02437938,0.515628088,-2.654943661,1.699476267,1.705652042,0.08632557,mid,1
2.664427865,-1.207021648,2.156977677,-1.075312393,0.842549149,0.692179272,0.349152741,-3.076279396,high,1
1.454402452,0.317453261,0.21793064,-0.332860404,0.601368552,1.988130683,-0.343462837,0.415467749,high,0
-0.051691522,0.242882013,2.104299349,-2.082098703,-0.081626441,0.470211112,-0.4407765,-0.471181989,mid,1
-0.728437592,-1.49901596,0.632848475,-0.091844764,1.518504201,-1.089068499,-0.980057333,0.002364895,mid,1
1.113379184,-0.72960247,1.923652549,0.361417317,1.694366303,0.388002201,-1.761079028,-0.308472293,mid,0
-0.873664423,0.978889559,2.463071366,-1.371743129,-0.264381524,-0.726254969,-1.745446726,0.336783294,mid,1
-2.319246667,-0.387699916,-0.773549498,-0.413615666,2.412534622,1.099610619,0.204994926,2.019716139,low,0
-1.641896594,-0.397679694,1.77747182,-1.184030558,2.750917787,-3.074747463,-0.864080846,-1.734121016,mid,1
-2.906801399,0.322974504,-0.508340746,-0.061003972,1.90067733,1.724474598,0.673298942,2.324041194,low,0
-2.432034294,-1.042577695,-0.634099924,-1.172233753,2.513327387,-2.502532637,-3.271938215,2.896284993,low,1
-1.680540783,-0.856498237,1.139341498,0.097670377,1.121914559,-2.193701537,-2.939469332,1.527403593,mid,1
0.31666904,-1.668599259,1.713742998,1.05872853,-0.766127831,1.633112869,0.535691023,-0.49824671,mid,1
0.233933355,-0.093636189,2.294804602,1.325796648,2.929234617,-1.385962606,-1.740904453,-1.381998546,mid,0
1.027784038,1.589838978,1.139285309,0.574071221,-0.786565077,1.393422788,0.863163628,-1.08737965,mid,1
0.160984235,0.428316692,0.479769146,0.077156496,0.022527051,1.114061718,1.543565192,-1.113907385,mid,1
-1.625496874,-1.270061089,-2.677700752,0.286955854,0.278358163,0.242833881,-2.288764253,4.90486067,mid,0
-2.126300663,-0.622034806,-0.108059066,0.582737583,0.898474081,-1.564063314,-3.150316558,3.214438702,low,1
-1.953547442,4.689326403,-0.399322788,21.18293846,4.306711747,-2.654614475,-1.159888435,-0.006945952,low,1
-1.229903873,4.049927914,0.650109813,22.15084338,2.683626901,-1.913394227,-0.775892644,-0.647325297,mid,1
1.561028625,-0.389923707,-0.2820003,0.15805349,-3.82071915,1.421076979,2.064091994,-1.088299206,high,1
1.243261072,0.522250636,1.479755304,-0.097915246,-1.502227706,1.448209737,0.712719185,-1.107185219,high,1
1.159552432,-0.881068337,1.03310509,-0.712220764,-1.417571376,1.036102901,1.66612064,-1.970619258,mid,1
1.64410715,18.42911002,0.487879847,25.3643097,0.859764304,3.171141736,-0.754569601,1.239238287,high,0
-2.024164097,-0.477645583,-0.573807774,-1.255135372,-0.441725791,3.357896248,-2.060532769,5.897259218,low,0
-1.788126177,-1.349576212,-1.250923905,-0.415213768,2.764551467,0.423814777,-0.838142914,2.417064857,mid,0
-1.066040422,-1.292625347,1.98772882,-0.532168563,-2.063400671,2.218984972,0.983138735,0.479043295,mid,1
-1.431668708,0.355668949,1.265419776,0.191577396,0.398758181,-1.36987444,-2.359656719,1.431901469,mid,1
0.254849745,2.485189917,0.837879883,0.264775311,2.393257419,2.166017649,0.865644832,-0.545912616,mid,0
1.932565588,-1.153350511,0.818557551,1.137314542,-1.280720024,1.10745402,0.90978114,-1.623847201,high,1
2.426971752,-0.952316381,-0.804118555,-0.676995138,-1.666176187,0.209322382,2.896145283,-3.365260828,high,1
1.834390153,0.25775254,2.43186727,-1.241760575,2.017934526,-0.171097609,-1.684502365,-1.588001006,high,0
3.068920188,-1.731201303,0.531525146,1.494938227,2.088845527,1.731688451,0.918327179,-2.489947527,high,0
0.555281466,0.706078914,0.513445824,-0.242681277,-4.240669577,1.559009413,2.373984021,-1.0109898,mid,1
-2.742205892,0.346709978,-0.833440133,2.511556552,2.313625228,0.07560039,-1.599484588,3.377577608,low,0
1.340685127,0.400481387,3.546944411,0.131065186,-3.290638722,1.752321693,0.724572134,-1.839858261,high,1
-0.046877463,1.090861671,3.401311237,-0.462939512,-1.000412057,0.288834017,1.112776261,-2.631061466,mid,1
2.552095772,0.36761984,-0.285462985,0.14808942,-2.151452403,0.702155805,2.084681747,-2.570236342,high,1
-1.008921805,-1.154362668,0.183348903,-1.751828807,-0.03998297,1.907142279,-1.809263696,3.512658718,mid,0
-0.491682825,0.195481732,3.745029022,-0.098845201,-0.609655165,2.334648517,-0.534132441,0.265680293,mid,1
1.826422481,1.223083067,0.014348532,-0.2588544,1.552151087,2.015215938,0.748707824,-0.911299241,high,0
-1.097625084,-1.390221925,0.855867269,0.157761439,0.660627796,-0.354354497,-1.728229544,1.472819346,mid,1
1.506234919,-1.514470309,0.130084326,0.321593211,-0.170831957,3.184914513,-0.919547601,1.916000133,high,0
-1.871861503,0.960304796,1.297823048,0.462483624,0.202564285,-1.259760389,-3.123843653,2.532491071,mid,1
1.649449568,0.231445923,1.682404252,0.646489538,-1.507904915,1.146384424,1.033312687,-1.992109133,high,1
-0.150795817,-0.111508827,-1.873610881,-0.804966481,2.590552569,0.216245184,-0.483801277,1.273628639,mid,0
-0.906120773,-0.164335206,0.643882496,0.212093353,3.639706826,-1.893399538,0.961935204,-2.671027465,mid,1
-1.533073165,-1.843793583,0.780254201,-0.890317848,1.546480072,-1.086141525,-0.77981583,0.253313992,mid,1
1.156370737,-1.31713192,1.386807063,0.776027914,-0.193827323,1.481747591,0.122398365,-0.685958821,mid,1
-1.561363358,-1.365824155,2.729471566,-0.14896931,0.232249444,2.052868855,0.380836247,0.35466102,mid,1
-0.957680099,0.14304877,1.451522659,0.849611989,1.797863092,-1.00510792,0.159625661,-1.402887063,mid,1
2.196253867,1.082691054,1.930030509,-0.471124652,1.402645326,1.022884588,-1.407313727,-0.882112029,high,0
0.511262685,0.09806754,1.773537234,1.295871782,1.758111529,-0.133356266,-1.636277951,-0.294958325,mid,0
1.099415683,1.276965386,1.778855194,0.338023481,1.115377712,1.054584753,0.244785928,-1.542387366,mid,1
-3.036713505,0.692857584,1.606708333,0.582571319,1.503693802,-4.106150312,-3.795067018,1.616920196,low,1
0.892492843,-0.053904849,1.111187147,-0.98230358,-2.207460599,1.425103048,1.440863005,-1.213173626,mid,1
1.412440178,-0.964705426,0.90004747,1.628468555,0.668299739,1.126565951,0.524751496,-1.353502647,high,1
3.598831348,-0.089234154,0.349921401,-0.037570645,0.963791719,3.212780478,0.33559992,-0.984282783,high,0
2.692815109,-0.606503388,0.950754307,0.455904195,1.510126846,2.525939227,-0.186895257,-0.813642016,high,0
-0.938617074,1.608780856,1.760865405,0.82822969,0.62265124,-1.110903298,-1.597419999,0.222450002,mid,1
-0.187897934,0.712712029,1.39673193,-1.883150208,-0.90616879,1.658488563,0.940851226,-0.31380618,mid,1
-2.331543968,1.428857708,-0.214399724,-1.474132132,3.281802918,-2.29572133,-2.5115712,1.846485673,low,1
-1.081812118,-0.127654682,-1.719340036,-0.560607637,0.745011528,-0.080135666,-0.358147813,1.860417844,mid,0
2.230916899,-0.528977708,0.908228289,-1.056557643,1.328544934,1.500755235,-0.308339503,-1.004774154,high,0
0.345776703,-0.695694877,-1.908480021,-0.918126983,-1.092323206,1.522134507,-1.433981239,3.467285462,mid,0
-0.679377833,-1.912254975,1.482785611,-0.068634046,-0.12489823,0.459858874,-3.016834948,2.730743739,mid,0
-1.496764683,0.25719897,2.028704733,-0.240665175,-0.623942531,-0.574933036,-1.75248571,1.183091295,mid,1
1.808369948,0.283751024,-0.15728146,-0.987873341,0.802337454,0.367823292,1.645890343,-2.566532246,high,1
-0.115867216,-0.454547719,-0.174081247,-0.218653277,1.582993806,1.387453036,-1.537635487,2.208732633,mid,0
1.865815197,1.239584006,-0.532788841,-0.396229678,2.559456918,0.289529784,-0.725433772,-0.565770401,high,0
2.218310084,-0.583599326,-0.490091139,1.038378851,0.603336587,3.321044465,0.513869136,0.398585897,high,0
-0.448200035,1.191707497,-2.053287175,-0.08371796,0.053024386,1.323718423,-1.443797541,3.721057332,mid,0
-1.486651478,1.325432109,1.557058924,-1.406815009,-0.140806584,-1.099124354,-2.585754359,1.795631627,mid,1
-1.251937881,-1.143019312,-2.603491971,0.820158187,1.221805251,-0.556465946,-1.042787563,2.728570504,mid,0
-1.861735627,-0.995148482,-0.064236299,-0.181503162,1.865703218,-1.628920056,-3.235267833,2.854009648,mid,1
-0.798880055,-0.349439327,0.793485499,-0.772568749,0.344519776,0.111145804,-0.792234555,0.80350069,mid,1
2.908158936,0.775155494,0.863844734,0.553040086,1.900425453,2.116372647,0.224922027,-1.638852979,high,0
1.284872293,-0.077443461,2.370983847,-1.195293764,-0.154255126,1.155680421,0.495863234,-1.924740485,high,1
0.015129405,0.079597862,2.985856937,0.554057771,-2.266859397,2.041923155,0.622260881,-0.558537383,mid,1
1.003782547,-0.215667638,1.627691414,-0.87296109,-2.628182216,1.71329881,0.777255996,-0.693860324,mid,1
1.72955319,0.61021617,0.819279468,0.156972961,1.929006317,1.398746322,-0.121583145,-0.986866312,high,0
-0.197444308,-3.294586952,-2.65826666,24.88229841,-0.26502075,-0.207335929,-1.339965,2.877976431,mid,0
-0.445563111,-0.12373268,-0.063557798,0.45780561,0.671854739,2.534023577,-0.762812436,2.570161403,mid,0
-1.410416942,0.815501022,-2.990310026,-0.048088507,0.041639617,-0.057481799,-1.227370123,3.802886339,mid,0
1.626434311,-0.593811408,-0.06762425,-0.16563141,-2.337040184,1.203672023,1.50497025,-1.178529083,high,1
1.902474345,0.881407529,0.889795292,0.721135363,-1.066946947,0.818681082,1.419148343,-2.357315311,high,1
2.022468821,-0.780199129,1.433390942,1.330574904,-2.451671676,1.231789719,1.309917431,-2.101601301,high,1
-0.214604083,0.43597539,2.712027572,-2.532246085,-2.459930527,1.767578074,1.310929684,-1.032374112,mid,1
2.011830988,-1.654887436,0.439185714,-0.960046295,2.940171888,1.044149487,1.325731213,-2.74607631,high,0
-0.16116104,-2.196127821,1.544475695,-0.162123975,1.458011492,0.291888916,1.063568889,-1.912182823,mid,1
-0.233414404,0.95838582,-0.111647407,0.051660977,2.53717696,1.133578936,-0.759103322,1.15692003,mid,0
-1.37608682,-0.501784193,-1.264762682,-1.372465548,0.36911388,0.837377977,-2.208270902,4.20077291,mid,0
0.958966256,-0.409686593,1.116620767,0.71232216,-2.939829324,1.792217827,1.069074372,-0.520928144,mid,1
1.847875527,-0.550115283,-0.02978178,-0.147025423,-2.423439124,0.772528138,2.409742919,-2.46117902,high,1
-1.372482356,1.153590343,-3.870230338,1.386349397,0.112175958,-1.622491687,-3.242344115,5.150578047,mid,0
-1.507375564,0.301700009,1.415730743,0.17553623,1.735089439,-2.488753833,-1.988389817,0.038309624,mid,1
2.804600926,0.932191564,1.859378743,-0.236555287,1.6776272,1.622585508,-1.08654641,-1.205522971,high,0
-0.462152412,-0.092944207,0.970559324,-0.239501922,2.682222355,-0.940104383,1.186824979,-2.547611688,mid,1
-1.691479408,-1.179369122,1.879495487,0.172254386,0.040781588,-1.553008621,-2.658669995,1.473972537,mid,1
-1.879147046,2.01527511,0.467666131,1.290644461,3.066422531,-3.450209196,-2.954500004,0.848998997,mid,1
0.875085474,0.900398588,0.930437819,0.451225319,0.614160866,0.555249826,1.687297478,-2.472502582,mid,1
-1.029042359,0.156693728,-1.767876353,1.023530644,2.579026596,-1.199147232,-1.937566395,2.22984031,mid,0
-2.526191803,1.218194712,-2.964107957,1.057368305,0.013400393,-0.194764328,-3.039507244,6.139791003,low,0
-0.626606293,0.444773808,-2.001976963,-0.825653683,-1.004325995,1.336763798,-3.435833896,5.90341947,mid,0
-1.003955604,1.754933072,1.664690412,0.018401631,0.681949669,-0.208977186,-2.757547064,1.990518283,mid,0
-2.943279437,-0.064688605,0.198043857,0.072874098,2.160605914,1.11896687,0.830309398,1.333307505,low,0
2.620600219,1.516394055,1.443351087,0.60211832,4.418122863,-0.102387221,1.055451228,-4.539756593,high,0
-0.829736842,0.933128072,-2.394705057,-0.222720701,-0.495245176,0.606225568,-2.167645752,4.495850657,mid,0
-0.340302552,-2.189921705,-0.635983495,1.194592221,1.849221256,2.632136787,-0.236242833,2.168489713,mid,0
1.218702788,-1.026369208,-1.303153743,1.230000573,-0.616302429,0.552604859,2.411947245,-1.809406441,mid,1
-1.206057134,-0.97012426,1.254544442,-0.397557765,0.913498068,-1.130863942,-1.156674634,0.211490402,mid,1
3.705487238,-0.509806693,1.391238459,0.034441012,2.61644188,1.264843582,0.675500748,-3.602931911,high,0
1.229636127,-0.194697296,0.220993099,-0.064188177,2.706917723,1.324897037,0.838422642,-1.41277742,mid,0
2.066091955,0.505965553,3.000233333,-0.728272202,-2.538662938,1.55423813,0.460465345,-2.029791697,high,1
-0.38730056,0.338552876,0.923577188,-0.937925577,-2.606485279,1.727888065,1.88934602,-0.40071984,mid,1
0.908310489,-0.735303461,-1.214161253,0.721479324,-2.416461388,1.079907852,2.470077871,-0.999024547,mid,1
0.568253738,-1.130203725,1.761163077,2.411676676,-0.951408461,1.824363208,-3.473423915,3.236020031,mid,0
-0.311151452,0.007880185,2.539680466,-0.325611052,-0.941834626,-0.380984715,-1.06200974,-0.356188149,mid,1
0.533200248,-1.237426638,0.689438591,0.109408472,0.319381069,1.826824253,-1.492708348,1.774599588,mid,0
1.145690001,0.388978729,0.645168869,0.251473609,0.237757316,2.200527691,-1.184058919,1.369036401,mid,0
0.207531174,0.505589242,0.787323356,1.489113108,-1.847637206,1.613676009,1.376254831,-0.45992594,mid,1
-0.682528716,0.336144963,-1.069972301,-0.22747626,0.178043908,1.494808381,-1.819081131,3.73310472,mid,0
0.311218968,0.687065796,-1.45037433,1.466540859,-0.190731913,0.854920806,-1.503883569,2.663637654,mid,0
1.474313935,1.991553302,1.239981812,-0.832061305,-0.989841708,0.914369268,1.494362697,-2.306028424,high,1
1.191308965,1.418531345,-0.131020253,-2.487808657,-0.811343458,0.947457816,1.764918134,-1.578098582,mid,1
-1.713308099,-1.217282692,0.177119547,0.159462507,1.174452937,-0.929263873,-2.560367868,2.57936121,mid,1
2.199594026,0.091752484,0.15569671,0.252240396,-0.114058887,3.599439343,-0.520453087,1.329407916,high,0
0.326707107,0.184710475,1.191903925,0.937915538,-3.173768867,1.699960824,1.692196092,-0.746841139,mid,1
-1.297285147,0.664702745,0.639154808,-0.552920837,-0.342560644,-0.123595631,-3.038687343,3.319118047,mid,1
-1.753570065,-0.339122279,-1.458959072,0.370061115,0.851361474,0.886449047,-0.24223685,2.651557136,mid,0
-0.916011136,0.185175537,2.47873508,0.425444864,-1.275787004,2.116379246,0.78984752,0.043413234,mid,1
-0.319937994,0.685507739,1.935648291,1.848608833,-0.091017049,0.78203273,-3.498167369,2.882477368,mid,0
-1.172846419,-0.585927673,0.931075951,0.329106779,0.816702944,-0.904884576,-1.665956915,1.026887374,mid,1
0.718754498,-1.05014074,1.081904796,0.757495149,-2.435389342,1.511806336,1.438938046,-0.976277352,mid,1
0.892416813,-0.073972864,2.720709948,-0.075665604,0.354992911,1.269066583,0.257309157,-1.678723915,mid,1
-1.313540254,0.496873591,1.737739559,1.069771455,-0.065523997,-1.170446254,-1.207365554,0.218314083,mid,0
-1.44115321,0.258661148,-2.5115873,0.212739776,0.732817936,-0.454035407,0.246539391,1.755075377,mid,0
0.98174858,-1.038543821,1.094977915,-1.631275815,0.696257691,1.632662723,-1.531013629,1.071268526,mid,0
1.708636619,1.399594645,1.974470074,-1.342127748,-0.816035231,1.034399848,0.764508595,-2.165992255,high,1
-1.013813877,0.678946988,-1.320588497,-0.812402349,0.0392883,2.121999288,-3.236141214,5.869365975,mid,0
-4.312772555,-1.01059822,-2.419120251,-0.515218394,-0.635693675,1.959753042,-3.678695189,9.138530112,low,0
-1.46229436,-2.177065046,2.093520718,0.178476664,1.720810053,-2.65258504,-0.145841958,-2.226720216,mid,1
-2.69876954,0.950015829,-1.396004468,0.243004722,3.001126191,-2.046322104,-3.710807953,4.133671507,low,1
-0.244803403,0.876046793,0.711476181,1.472670676,-1.043996996,1.863280435,-2.568314906,3.586403953,mid,0
-1.854068241,0.103438129,-0.159637503,2.04207604,4.917480579,-3.059366798,0.678487599,-2.330425262,mid,1
2.457321796,-2.152383545,0.662554793,0.876455646,-1.694139749,0.858183402,1.433402851,-2.447797979,high,1
3.169737314,-1.967069704,0.834333456,-1.117186462,-0.311958157,3.486447099,-1.22512932,0.917488243,high,0
4.187796436,-0.948916521,1.151704935,1.747363198,1.738444768,2.315987314,0.613267089,-2.852583798,high,0
-0.925732952,0.692855756,-3.481535351,0.734637545,0.975335222,-1.676366876,-0.091231021,1.455863143,mid,0
3.342266759,1.370536144,1.326497331,0.6952029,0.156780772,0.271671372,0.938834383,-3.720943357,high,1
-2.090197971,1.180640912,-0.328096984,-0.627313446,2.690724549,1.429656771,-0.982891096,2.880461099,low,0
-1.368585799,-0.989957793,-2.593268829,-0.03500761,-0.514920922,1.492236676,-2.882571905,6.223917263,mid,0
-0.726947884,3.24309297,0.812424308,2.307916251,-0.225052603,0.577718814,-1.020646513,1.381428568,mid,1
2.273867269,-0.878323077,0.411804584,-0.378007899,-0.635157391,0.394010792,1.963005358,-3.196492995,high,1
-2.14935638,0.408052847,-2.339644107,0.550797572,2.404087617,-1.268604354,-0.280631432,1.73988465,low,0
1.638957441,0.640479795,1.007080501,-0.190503106,1.43609724,0.775641174,-0.512414126,-0.978706735,high,0
1.162355261,0.67893129,1.366466991,-0.136995489,-1.41543516,1.01131986,1.754213637,-2.268914064,mid,1
1.844494228,-1.820603301,1.109962527,0.270057358,1.778797779,0.954034969,-0.410592685,-1.223637547,high,0
-0.839286184,1.362562853,1.541874008,1.640614563,0.685240036,-0.611514207,-1.524191261,0.532079681,mid,1
-0.087956793,0.453508713,0.268499753,-0.982294034,0.292171019,2.166931009,-1.271582945,2.453212901,mid,0
-4.565791151,-0.811000864,-1.435192983,-1.11404645,1.645210878,0.71891358,-1.40576157,5.310312898,low,0
-0.074620678,0.858014195,3.141011794,-0.828196273,-2.608290734,1.447001115,-1.132939985,0.737125708,mid,1
0.696901412,-0.287447519,1.213312569,0.287328904,3.60905843,-0.944557238,0.416324043,-2.923121638,mid,0
2.32272438,-0.116229043,1.703694822,0.214713183,1.139871196,1.925706657,-1.601657508,-0.003991956,high,0
1.619005203,-0.607354433,0.924790893,-0.077221045,-1.406524872,1.04597975,1.303293123,-1.864246973,high,1
0.88435785,-1.372859451,-2.843762012,0.3514799,0.52278016,-0.102283637,-1.87897043,2.689229189,mid,0
-1.861844847,0.793175688,0.425431897,-0.122057132,2.422147894,-2.180379806,-1.83634494,0.776018096,mid,1
0.611235423,-0.815375628,-1.438662688,-1.066234932,0.392579724,0.775978683,0.504488355,0.402254232,mid,0
1.948334763,-1.161783844,1.131681554,-0.283138897,-0.215945646,2.633095706,-1.923705795,1.623486103,high,0
0.948327862,-0.525879676,0.367698539,0.177750106,-2.940293338,1.397130938,1.930726813,-1.139114779,mid,1
0.003238211,1.01263741,-1.722610289,-0.158153844,2.151215157,-0.918534191,-0.410122691,0.36007986,mid,0
0.362875163,0.37334856,-2.219940778,0.31237821,1.450657875,-0.057850901,-0.139747309,0.870241257,mid,0
-0.126378013,0.229074688,0.14479484,1.074318013,1.990936345,2.530520646,0.254837617,1.009404469,mid,0
1.166801779,0.951549771,0.733713481,-1.021162458,3.519705979,0.142493679,0.700822628,-2.485876821,mid,0
-1.327648847,1.036087651,-0.364604976,-1.422974925,3.777740404,-1.30840689,-0.664709637,0.085278075,mid,1
-0.439384689,-1.288307617,2.962472376,0.292715482,-2.070373327,2.055252978,0.879076211,-0.517951044,mid,1
0.383266576,-0.904614375,3.130463741,1.172756845,-0.282523368,1.744135024,0.051854143,-0.951230917,mid,1
-1.353664024,-0.985803809,-1.780021459,-0.284155098,1.524552378,0.859058593,-1.10223951,3.230116273,mid,0
0.120240641,-0.179093285,-0.126429638,0.395819781,2.650320651,1.312506092,0.284383024,0.046941662,mid,0
-1.647458396,-0.393052757,1.733941012,1.001631825,-1.421018635,-1.104165658,-3.823780507,3.21778179,mid,1
-0.338341977,-2.075588009,2.241688576,-0.086069693,0.421552657,-0.162868999,-0.597527751,-0.733927536,mid,1
-2.175363307,0.060085995,0.760813121,0.388312005,0.691178721,-1.413562974,-3.311912288,3.02584511,low,1
2.082376577,1.041724664,1.337130264,0.583544303,1.600512611,0.954370472,-0.936493613,-0.984085455,high,0
-0.086829554,0.502744807,-1.78600117,-2.49327082,0.243762231,2.728938908,-2.753986043,5.437040075,mid,0
-0.831170886,1.068379334,0.484431629,0.60412089,2.402399348,1.910683751,0.471409389,0.579324329,mid,0
-2.265688936,-0.26265952,0.130405539,-0.336386945,0.481721242,-1.96983902,-4.549229679,4.298264676,low,1
-2.302238815,-0.973378838,2.620390676,1.007133336,2.964565141,4.213784983,0.710661053,1.454840887,low,0
-0.861469953,-0.731631739,1.165680216,1.890440685,-0.459410389,-0.052118653,-2.536467896,2.31993977,mid,1
3.791134399,-0.535335087,0.81351345,0.358453618,1.404628903,2.419644791,0.790897187,-2.422155548,high,0
1.247638735,1.170198709,1.686772467,0.134296497,-0.885478581,1.127271241,1.068987528,-1.903229888,high,1
1.294890613,0.573744421,-0.459365565,-1.276304417,-1.233725373,0.921768756,1.867247003,-1.47887368,high,1
-0.458417531,-0.739371407,0.775695734,1.191899334,0.765649541,0.327290556,-0.783341052,0.637015871,mid,1
-2.974783845,-0.831954917,-1.507150444,-0.638282727,0.40112429,0.839479635,-0.343748071,3.640839959,low,0
0.975270067,-0.238110436,1.314209868,0.046002747,-1.274258516,1.514249807,0.819695447,-0.936598554,mid,1
1.290962802,0.07125375,-3.477297703,-1.293507625,-0.348791391,-0.870816254,-3.545631634,4.03561118,high,0
0.119423493,0.911362722,0.631347466,0.105753791,2.012882015,0.689244637,-0.558969675,0.113431053,mid,0
-0.734257309,0.491429453,2.645818527,0.569760357,-1.93173577,2.208844748,0.655288502,0.145874771,mid,1
-0.103045953,-1.176173337,2.220430818,0.487560297,-0.640073059,0.343742647,-1.020543741,0.069659879,mid,1
0.686048812,2.281651837,1.491249625,-0.617641677,-1.190731478,1.42258967,0.897444273,-1.000891909,mid,1
0.170777388,0.695402475,-1.752742697,-1.14100851,0.524592605,0.775952044,-0.041248278,1.363489038,mid,0
1.846737736,-0.413605533,0.313190688,1.887687657,0.440326932,2.470734785,-0.387383321,0.491070932,high,0
-0.048074651,1.065171966,-2.018420569,1.452616745,-0.121080379,0.866813111,-1.458736766,3.187203377,mid,0
-1.945755663,-1.776011754,3.418264402,1.063940988,-1.900743044,2.659744232,0.326517719,1.084947859,low,1
-1.215414917,-0.608226507,1.781908241,0.363115628,3.002959453,-2.430122974,0.912169374,-3.314831818,mid,1
-1.181624543,0.1409827,-0.6704106,1.588626928,2.820285575,0.064882692,0.208647376,0.444954286,mid,0
2.356018684,2.673411338,0.827269013,23.0840732,0.714807877,2.375957419,-0.623693805,-0.044450714,high,0
3.083287139,-0.139397201,1.170234541,0.739653152,1.233433756,2.35097904,-0.497291624,-0.967148889,high,0
0.037124504,-1.561493222,0.975520106,1.503419828,-3.474184893,2.210380568,1.120326468,0.504550059,mid,1
0.899638367,-19.90661883,-0.110513885,23.56910418,0.00625674,2.600531995,-0.634099232,1.770649897,mid,0
-2.811519566,0.603094685,-1.695593021,-0.850535279,0.37671817,1.536351055,-3.032137536,6.630808939,low,0
-1.240167129,-1.771068553,1.581515083,0.47154238,-1.096541656,-0.442092368,-1.451590624,1.179435248,mid,1
0.238452149,1.667224112,1.777514261,1.523238622,0.824045656,1.536614147,0.064548296,-0.430031941,mid,1
0.473721976,0.007178467,-1.187708194,-2.086477658,0.190515167,1.432637642,-1.346064064,2.553738127,mid,0
0.796737894,-0.0990943,0.449209699,-0.602820656,1.164644123,1.676752509,-0.569893003,0.605473942,mid,0
-1.760873913,-1.831682247,-1.125452782,-1.051309912,1.906499432,1.122613574,-0.772790368,2.896640237,mid,0
-1.812073906,-0.142146537,-1.016039847,0.338687318,0.490724493,1.237026976,-1.640974192,4.045124293,mid,0
-0.290047136,1.497431683,-0.8167816,1.857702344,1.899878408,0.425126551,-0.676810036,1.199813742,mid,0
-1.067782846,1.263706678,0.692952743,-0.846315977,0.804458169,0.313417632,-1.690420559,1.922041241,mid,0
1.40624958,2.095843502,-2.393281926,1.594442392,0.927594087,0.026301997,-1.164930999,1.410251357,high,0
-1.978704732,-0.091399558,-0.072190428,-0.080878498,1.181024001,3.751312205,-2.247026255,5.672196099,low,0
-1.620383295,0.139887233,0.032724914,0.996118215,2.758989244,-1.332859579,-1.358331895,0.886646532,mid,1
-1.350460231,0.450603413,2.942446149,-1.86981634,1.194312016,-1.53707399,-4.190012607,1.833920179,mid,0
-1.219172264,-0.58653127,2.261301929,0.224216404,-0.585281981,0.24874361,-4.50315103,3.977557584,mid,0
-0.730318009,0.97781555,0.374170653,-2.105646942,2.750343235,1.91250368,0.771551934,0.226342522,mid,0
0.452337946,1.200531658,2.650326332,0.14035987,1.574727844,-0.611729075,-2.819937327,0.061192334,mid,0
1.682384234,-0.674934019,0.853712265,-0.403075989,0.080068973,0.675532305,1.373788941,-2.476520045,high,1
1.28053232,-0.834323045,-0.441748328,0.764029782,1.210754023,2.549876466,0.500481068,0.370914253,high,0
-0.180155363,1.088769654,-2.188215464,-0.376300725,0.835512485,-0.277416032,-0.057669588,1.113858627,mid,0
-1.062580416,-0.279993302,1.818683094,-1.279030736,2.597857252,-2.101343327,-0.189441464,-2.104596004,mid,1
0.434405488,-1.519346075,1.881705586,-2.832155598,1.16540487,0.105394369,-2.089798316,0.395086791,mid,0
-0.162616883,-0.371857882,2.713580026,-0.728461622,-0.707061076,0.65145079,-0.082227905,-0.848491491,mid,1
-0.834800813,2.165056068,1.445743347,1.190548594,-0.920998375,2.201840498,0.470675307,0.883774151,mid,1
2.655986959,-0.110665369,1.172638491,-0.896642227,3.111441295,1.665381904,0.26986453,-2.240329295,high,0
0.131476546,0.735621997,2.10017263,1.781798909,-0.66848306,1.531902261,0.834683129,-0.971726594,mid,1
-2.153583071,-0.581782033,-1.753145202,-1.173879964,0.556881606,1.153528585,-1.201092517,4.224446925,low,0
-0.456830435,-0.945746061,3.420419189,0.608246192,-0.229956716,2.182101217,-0.262933239,0.002434137,mid,1
1.305251215,0.441307152,0.269444917,-0.733156197,0.319140271,0.774861336,1.45459224,-1.942428085,high,1
-0.927295552,0.311109991,0.926262522,-1.889649292,1.424746251,-1.217986298,-0.108869848,-0.92351993,mid,1
-4.060206065,-1.978225249,-1.94632044,0.046934902,1.673400132,-0.007773199,-1.841306484,5.206665305,low,0
-0.997695577,0.50826864,1.314571548,3.926237706,1.222216918,-0.085224049,-2.129724797,1.574493032,mid,0
0.177080381,-0.302180587,-3.562145475,-2.603137088,1.313245093,-1.82433256,-0.990718201,1.455943826,mid,0
0.742798187,1.972542177,2.100011269,-1.385987942,-3.512712576,1.937581424,0.951676973,-0.637353475,mid,1
-0.84433933,1.712040284,-3.881329556,-1.74763651,-1.497612081,0.66769326,-3.638593036,7.010562461,mid,0
2.548561526,0.841983695,0.892414547,-0.3692072,1.150162964,2.129048317,-0.341834397,-0.725131433,high,0
-2.269340736,-1.831144878,-0.393631541,-1.228443831,-0.039289299,-0.650950122,-5.839707686,6.792720547,low,1
-1.406159826,-0.524567014,-1.152527324,1.352202679,1.14402768,1.170542709,-1.760792821,3.793989083,mid,0
1.131277554,0.640542935,-1.955628231,0.123078202,-0.355587259,0.085819168,0.689990386,-0.108157376,mid,0
-0.433171078,-0.186896158,1.060314213,-1.630473244,2.498937406,-0.599659378,-0.74029059,-0.549584277,mid,0
-2.52566157,1.237653758,-0.177803511,0.379767636,2.964943795,-3.293140571,-1.721419095,0.621994859,low,1
-0.668315176,0.846770775,0.562792479,-2.12722742,1.711989846,0.213215591,-0.967491484,0.805990576,mid,0
0.504108898,-0.007044985,4.186679446,-0.215609579,-1.957436091,1.041191348,0.259953935,-1.968939635,mid,1
0.738705474,0.07857703,1.495658651,-2.128734094,-1.933229046,1.474100216,1.30558027,-1.236032432,mid,1
-0.440805459,-0.965664804,-1.566523037,1.629166365,0.517962225,1.669336694,-0.814373236,2.968828826,mid,0
-0.061674263,0.543479379,1.380100284,0.199810434,-0.364901778,0.620131901,-2.550815708,2.101027244,mid,0
-3.445359584,-0.197937729,-0.648589968,2.067906338,2.109002129,1.429484186,-2.073538533,5.105304029,low,0
1.38990274,-1.153332403,-0.041795277,-1.687344347,0.168270213,0.792793887,1.436382158,-1.754536743,high,1
0.675555209,-0.185845752,1.595610511,0.309998983,1.001754335,0.861651975,-2.061152211,0.907338213,mid,0
-0.385410356,-1.517173697,1.651136967,0.750579168,0.559478784,0.159179698,-2.602781127,1.712028537,mid,0
1.878709324,0.072036861,1.733882473,-0.21220897,3.154697129,-0.202753812,-0.066367379,-2.977097127,high,0
0.449433376,1.618630371,1.916639143,29.29340283,1.028051754,0.148038856,-2.627584884,0.925554572,mid,0
1.976437805,-0.86170307,0.667043359,0.030031479,-2.038263355,0.997058732,1.718235988,-2.239956312,high,1
1.441053932,1.192735165,-0.872335784,-1.257868156,3.082109489,1.006962534,-0.773419271,0.322972504,high,0
-0.471665169,0.319524671,2.668025666,1.653617268,0.279675547,-1.063403355,0.419641554,-2.414292722,mid,1
1.756469302,1.578118058,1.23838159,0.985449686,1.866193397,1.126305129,-0.694800155,-0.879680221,high,0
2.551706705,2.271449745,1.300989472,-0.404397423,-0.299009442,0.598420091,1.008510355,-2.943488042,high,1
3.038284173,1.761188125,-0.937555061,-0.000313673,-1.122286295,0.204575393,2.091624779,-3.047692432,high,1
-0.731372547,-0.094458714,1.365472472,0.419609972,-1.048968161,1.24322036,-3.554598858,4.041273491,mid,0
-1.212674569,0.434770065,-0.866575281,0.475430683,0.769379456,1.220335159,-0.893158235,2.791912059,mid,0
-2.623592257,1.25923324,-2.406296717,1.14644087,1.894610831,-0.140922126,-2.020341933,4.56814317,low,0
-2.034318833,1.181891093,-1.015298527,0.480908093,5.107875248,-2.408207104,-0.415019382,-0.291361708,low,1
0.10848601,-1.638029057,1.976854055,-1.786375465,2.03254375,-0.426771989,1.546949157,-3.387435338,mid,1
-0.825590506,1.923445795,0.359291332,-0.77461497,3.885489252,-1.309788089,1.335870505,-2.574871202,mid,1
-0.294503748,-0.519396372,3.152151411,-0.340907877,-0.080914354,1.966698431,0.023775988,-0.386694688,mid,1
1.03411724,-1.070852419,0.970419801,1.911419087,-2.857142965,1.793566473,1.049439784,-0.481569874,mid,1
0.336771133,1.450927548,2.396671495,1.807196644,0.61742586,1.534190041,0.197117872,-0.944643606,mid,1
-1.312294386,-0.149940719,0.610209697,-1.433151815,2.855980715,-1.767422045,0.819013788,-2.006791372,mid,1
2.55251568,-0.222474897,1.453184111,2.046862196,-0.7717062,0.636943214,1.198603465,-3.090700967,high,1
0.13027975,0.222289856,0.824295667,1.278865813,-0.738304792,1.575989352,1.072292233,-0.396751474,mid,1
2.786763564,0.779349004,-1.094735982,-0.039019519,0.404560398,0.058322804,1.818915238,-2.940738738,high,1
0.168462034,0.072680524,0.593058869,-0.411493145,0.805561701,1.01445975,-0.925004411,0.907168835,mid,0
1.130130862,-1.002217019,0.838293271,-0.752435237,1.132754326,0.823485123,0.75574242,-1.641416186,mid,1
0.518636374,-0.194269132,1.25000062,-0.7557915,-0.131280611,1.416798343,-2.211279467,1.951077093,mid,0
-0.053437907,0.879417041,-1.025905036,-1.077376077,0.827624907,1.400533006,-1.06316239,2.388435763,mid,0
0.960916438,1.18673462,1.540387356,1.436335406,-2.184958387,1.564725078,1.030673526,-1.039869441,mid,1
1.463231763,-1.287163569,-0.374064775,-1.397118185,0.372401691,2.870342434,0.198069526,0.875758152,high,0
1.221044336,-0.416194405,0.16985765,-1.130069339,1.710784402,1.752528946,0.421217589,-0.501483808,mid,0
1.472248821,0.978422112,2.605126068,0.522142546,-0.53975532,1.196305023,0.574244092,-2.15479207,high,1
-1.212044434,-0.779852946,-1.70582174,1.081984809,-1.251377898,2.094561735,-2.660266991,5.93251027,mid,0
1.423120965,-0.45909031,2.258352691,-0.694600369,3.115924024,-0.218139005,-1.040386411,-2.074554504,high,0
0.017841856,1.001824854,1.88701487,-0.497570838,-0.357522405,0.830934808,-1.258620003,0.672145677,mid,1
2.559857276,0.19042389,0.444472098,0.449218721,1.190715093,2.333843574,0.443821566,-1.079699297,high,0
0.801188692,-0.417909546,1.760372522,-2.025807873,-1.718347561,1.699775512,0.695400474,-0.756705194,mid,1
0.395512013,-0.342549201,1.240778576,0.170463771,1.107822152,0.782880737,-1.717239589,0.905283518,mid,0
0.396952058,0.466670982,2.543061402,1.521006227,0.74207529,0.260575387,-3.40509636,1.452116778,mid,0
-0.575108161,-0.706892568,3.691034762,0.855555659,2.19520226,-2.108776116,-3.97999173,0.104592258,mid,0
1.767181739,-0.730956276,1.358798318,0.75792185,1.877644393,1.349732677,-0.723154052,-0.787257932,high,0
1.831435104,0.212574031,1.374918815,1.026986263,-1.542327329,0.855571915,1.618089152,-2.662835325,high,1
0.61771414,0.444198327,2.500628882,1.101322958,0.225733271,1.314709396,0.668885903,-1.697914581,mid,1
-0.723433009,1.009471789,1.456626971,-0.844941439,1.386110425,-0.154549992,-0.210374167,-0.571404914,mid,1
1.15930092,-0.09662367,0.568485867,-0.415966928,-1.210964565,0.975000315,1.619317909,-1.734096477,mid,1
-0.208425182,-1.466785191,2.342406765,-0.501402147,-0.924266762,1.607827494,0.885088727,-0.836405243,mid,1
-1.213036667,-0.399899062,1.85217354,0.269294753,1.818081819,-1.732849449,-0.211369267,-1.604026325,mid,1
1.597660637,-0.28438465,1.087534085,1.590582073,-1.104085165,1.068895439,1.222996514,-1.917750208,high,1
1.641965595,0.041325632,1.585617349,0.44300213,2.355927537,0.544190181,-0.61788269,-1.563137628,high,0
1.473714371,-1.181874125,1.561962676,0.449473913,-1.139079492,1.506720087,0.341261809,-0.994574786,high,1
-0.919759228,-0.181449069,1.796755942,-0.106337003,-0.737560338,0.097406749,-2.995217667,2.570868851,mid,1
-0.750622627,2.124771403,-1.25766645,1.331339062,2.208593156,1.066240608,-1.066545634,2.486676563,mid,0
-0.68517462,0.887503967,1.951921116,0.760846654,-0.883586086,0.17683871,-1.159826874,0.682956295,mid,1
-1.075940703,-0.056588489,1.738762251,1.21897079,0.858769052,-0.0021548,-3.170504102,2.481310972,mid,0
-0.772116358,-0.692250329,1.035721202,-1.968923142,1.548368528,-0.793972776,-0.390390863,-0.573529356,mid,1
2.22605654,-0.709020958,1.971166072,1.953259138,-1.234833369,0.911413941,1.196129692,-2.905148423,high,1
-1.241978139,0.872197,-0.348846965,-0.315086731,0.924889289,1.980850063,0.645241734,1.526962888,mid,0
0.255363311,-0.279810342,0.814327588,-0.964537795,-1.571523346,1.421796896,1.563780233,-0.865592215,mid,1
0.967839913,0.533359245,-1.002683425,0.839468505,0.881964899,1.601759306,-0.54864287,1.339666328,mid,0
3.666156535,-1.817979225,0.861836014,0.759712295,2.493373307,2.087288743,1.056644266,-3.058091414,high,0
-1.166203224,0.671531172,1.607358853,1.528031359,1.912169042,-2.186867286,-0.542076132,-1.496250446,mid,1
-0.483733996,-0.723990332,2.39520139,-0.195390351,-0.720444424,0.298657189,0.17931719,-0.922807767,mid,1
-1.227540521,-0.346426506,0.514920599,-1.611567359,2.306063532,-1.654155154,-0.068345062,-0.986456106,mid,1
-0.346036512,1.855503315,1.53916598,0.224234745,0.748547266,-0.488103914,-0.574329745,-0.615239371,mid,1
-0.39568344,1.029457482,-2.308024118,0.87231538,0.981224132,-0.339414272,-0.892060189,2.039794734,mid,0
-0.343160673,0.232786743,0.010478333,-0.756763977,2.328182309,0.893662766,0.663469818,-0.293370835,mid,0
0.934789908,2.27243472,1.961423763,0.889037122,-1.433423028,1.463580115,1.042423877,-1.502349123,mid,1
1.31668838,-1.202149526,2.292082697,-0.395680712,0.863544353,0.750896288,-2.784924724,0.708761843,high,0
-2.414699256,-0.556118747,1.468219854,-0.130060294,0.441835133,-2.865254268,-3.337491077,1.889258916,low,1
2.485336108,-2.88031415,1.516830721,19.4775099,3.142715337,2.640779796,2.178320725,-3.49097281,high,0
-0.817575502,0.01881905,-1.739187521,-1.171654347,0.869336567,0.488003847,-1.681111424,3.287282818,mid,0
-0.251174125,-0.365505937,2.745756072,-0.15129922,-0.567868349,0.141245441,0.878869904,-2.074400524,mid,1
-0.007092041,0.732492103,0.251762065,0.288723663,0.769438916,1.441019644,-0.739781632,1.337410564,mid,0
-0.700347743,0.995581514,0.624288279,1.70317261,1.077630507,0.441784204,-2.017364798,2.055959997,mid,1
-0.517184023,-0.924564114,-0.655896461,-1.59759917,3.07736091,-0.079628376,0.607066347,-0.522541331,mid,0
1.294632441,-1.951101864,1.021851586,0.143587937,0.527796738,1.641696342,-1.326796637,0.756988332,high,0
2.237512445,0.869154592,1.179049756,-0.455539526,2.084245216,1.335862383,-0.192671206,-1.540210401,high,0
-1.999966907,-0.6701152,1.584122048,1.171717915,0.371111332,-2.481419053,-3.134138051,1.622549148,low,1
-5.012831263,-0.496932025,0.383028045,-0.182568974,2.586197014,3.178044,-2.084263033,6.585909257,low,0
2.929771741,-0.846850966,-2.718750282,1.249618905,-2.107543505,-0.33863507,3.908695079,-3.784322033,high,1
-3.688225974,-1.542801515,-1.302624081,-0.63275503,2.243155928,0.257138259,-1.107693712,3.949440649,low,0
2.213957427,0.228996392,-1.137957876,-1.857901451,-1.839565045,0.392119858,2.801989641,-2.784051021,high,1
-3.637054309,0.05225849,0.823818311,-1.060605066,2.410818057,2.913021221,0.792502366,2.580007738,low,0
-0.885080855,-2.018487864,0.335117933,0.145063746,2.593999359,-0.629754036,0.587827358,-1.109630751,mid,1
-2.958742727,-1.119546128,-0.672615034,-0.393529856,1.92661885,1.136630709,-0.179192363,2.865504042,low,0
1.180282606,-0.823935487,-2.804981391,-0.719109451,-0.37517514,1.034748649,-1.302923333,2.858765541,mid,0
0.811347359,0.603247501,-0.230458836,0.298158466,-0.559896098,0.747453818,2.261190535,-1.917506221,mid,1
-0.772762932,0.654975584,0.611861892,0.810798646,0.839993123,-0.451735399,-1.646314918,1.225745629,mid,1
-0.652274486,-0.235969987,-0.776913117,0.74418571,1.770744179,-0.371141706,0.980217482,-0.636527088,mid,0
0.636209399,-1.293141544,-0.124322087,0.572390311,-1.053585047,3.155869044,-1.436102072,3.28573788,mid,0
1.805966601,1.649480894,0.869722323,1.07061056,1.576683636,1.2397024,-0.317330939,-0.915408633,high,0
-0.677349141,-0.782003493,3.442746409,-0.759703117,-0.449473152,-1.19881139,-0.075768716,-2.211310878,mid,1
2.619759208,-0.889240828,1.505586387,0.955300558,2.870025987,1.021533713,0.114219131,-2.63958987,high,0
-2.096687972,0.045222709,-1.076928081,0.051197902,1.726578112,0.354302134,-0.623582657,2.482428533,low,0
1.969966553,0.432262951,1.68666229,0.470044187,1.423164119,1.306708634,-1.311884414,-0.497098779,high,0
-1.426319214,-9.597580227,-0.656872268,24.7475192,4.502589222,-1.679064324,-0.617355234,-0.112332144,mid,1
0.26625236,-0.9933587,2.927069764,-1.015878827,-0.010272512,0.867049667,2.098847302,-3.306411985,mid,1
0.088819199,1.734936576,0.885157167,-0.856772094,1.629960559,0.319866382,-0.814909424,0.06014168,mid,0
0.35292974,-0.04489303,2.756669716,0.182501031,-0.664376634,0.531373455,0.504198105,-1.85157143,mid,1
-0.500802509,0.425489933,1.612393124,1.197246924,-0.166645494,0.689708703,-3.066523986,2.74229089,mid,0
-0.258480792,0.347561614,1.354542635,0.086697699,1.279377985,-0.266668452,0.573089589,-1.604649054,mid,1
-0.624535191,-0.824514162,1.310611238,-0.608589723,-0.234453784,0.944506221,-2.879661287,3.007456288,mid,0
0.005679978,0.500240469,-0.388805025,-0.533600306,1.178755972,2.148726777,-0.91820772,2.255208118,mid,0
-1.484203004,1.695722878,-0.501741246,1.897288695,2.018675266,1.130965838,-1.784338715,3.278226468,mid,0
0.238545764,-0.300859747,1.357338877,-1.209476935,0.150670125,1.12568808,-2.283433511,1.891548186,mid,0
-1.018534788,-0.813014372,2.088351956,0.823279916,-0.607912567,-0.711396915,-2.045275464,1.015157523,mid,1
3.722014491,-1.907807558,0.437889364,-0.860385011,1.841508587,2.761567835,1.031758142,-2.246032568,high,0
1.877661006,0.665416824,0.222618624,1.941217436,0.20603807,0.482283351,1.51669145,-2.51861049,high,1
0.128270684,0.14125714,2.022986247,-2.13056648,1.02748333,0.628449472,-2.81715374,1.567059792,mid,0
-1.603380073,-0.975366027,0.392315126,1.303507932,3.986649093,-2.314169618,-0.2056843,-1.313160803,mid,1
-1.67185111,1.393454528,0.849547117,0.710549102,0.65491364,-0.869836217,-2.811463647,2.53543836,mid,1
-0.669925506,1.402294231,-2.733678345,22.73896274,0.521789427,-0.258260198,-1.315637954,3.016794466,mid,0
-0.943254477,-1.097368319,3.27656611,-1.476924928,-0.915945478,-0.447294376,-1.17997971,-0.313417007,mid,1
-2.106116962,0.181062743,1.146444015,1.303278037,1.556855692,-2.754235829,-1.858325032,0.332155356,low,1
1.37317591,0.145521198,-0.378960588,-0.614122565,-0.645826536,0.746140444,1.884222129,-1.829044035,high,1
1.011604075,-2.906988219,0.997751971,-0.374822057,2.294987557,0.693084846,-0.471047168,-0.828402227,mid,0